time,open,high,low,close,pz,tz,xup,xdn,est,ema12,atr14,close
1789400760,761.87,761.9,761.58,761.67,-15.147663653063034,-49.279195573157395,0,0,0,760.9059134504904,0.47342792218825747,761.67
1789400880,761.67,761.79,761.48,761.48,-22.038167094635916,-48.69551810917176,0,0,0,760.9942344581073,0.46175449917480665,761.48
1789401000,761.47,761.58,761.29,761.56,-26.082105796359887,-48.155497581362084,0,0,0,761.0812753107061,0.44948632066232597,761.56
1789401120,761.55,761.89,761.54,761.83,-25.321766104485118,-46.97938710028433,0,0,0,761.1964637244437,0.44238015490073285,761.83
1789401240,761.84,761.87,761.66,761.78,-25.418297210735343,-45.92894593668371,0,0,0,761.2862385360677,0.42578157240782594,761.78
1789401360,761.76,761.89,761.69,761.87,-24.285533919104278,-44.808061308202966,0,0,0,761.3760479920572,0.40965431723583345,761.87
1789401480,761.88,762.03,761.73,761.75,-26.070145056955752,-44.136084877043544,0,0,0,761.4335790702023,0.4018218660046992,761.75
1789401600,761.76,761.91,761.44,761.46,-30.885942126049983,-44.51583003680486,0,0,0,761.4376438286328,0.40669173271864306,761.46
1789401720,761.44,761.57,761.34,761.53,-33.5029584625718,-44.868709136814076,0,0,0,761.4518524703816,0.3940708946673127,761.53
1789401840,761.53,761.53,761.24,761.34,-37.61874427065744,-45.6919834557552,0,0,0,761.4346443980152,0.3866372593339306,761.34
1789401960,761.33,761.51,761.33,761.43,-39.56267172335586,-46.11934338190289,0,0,0,761.4339298752436,0.3718774550957891,761.43
1789402080,761.429,761.43,761.21,761.39,-42.14130398647201,-46.480394524398086,0,0,0,761.4271714328985,0.36102906544608376,761.39
1789402200,761.41,761.6,761.36,761.51,-41.82735494373294,-46.3535617170884,0,0,0,761.4399142893757,0.3523841321999356,761.51
1789402320,761.53,761.67,761.5,761.58,-40.36987231486128,-45.89267531377721,0,0,0,761.461465937164,0.33935669418565156,761.58
1789402440,761.53,762.13,761.43,762.09,-31.785784124413922,-43.92684833080346,0,0,0,761.5581634852927,0.3651169303152511,762.09
1789402560,762.06,762.33,762.04,762.32,-23.93508277416142,-41.176223811568605,0,0,0,761.67536910294,0.35975143529273873,762.32
1789402680,762.31,762.44,762.28,762.361,-19.990528532348165,-38.62995096268171,0,0,0,761.7808507794107,0.3454834756289776,762.361
1789402800,762.35,762.381,762.03,762.09,-24.714299908033762,-37.486945683791035,0,0,0,761.8284121979628,0.34587751308405057,762.09
1789402920,762.07,762.45,762.05,762.45,-18.53572493102532,-35.56096758487466,0,0,0,761.924041090584,0.3497434050066249,762.45
1789403040,762.46,762.6,762.19,762.2,-25.69358379560207,-34.907326860731374,0,0,0,761.9664963074172,0.3540474475061494,762.2
1789403160,762.18,762.2,761.88,762.08,-33.00400079634167,-35.068583204510034,0,0,0,761.9839584139684,0.3516154869699995,762.08
1789403280,762.06,762.06,761.91,762.02,-39.26379196416333,-35.561203586538674,0,1,0,761.9895032733579,0.3386429521864333,762.02
1789403400,762.01,762.44,761.95,762.07,-42.707705049777346,-35.917481102400885,0,0,0,762.001887385149,0.349454169887403,762.07
1789403520,762.11,762.33,762.02,762.2,-42.03822110933662,-35.81136333982927,0,0,0,762.0323662489722,0.3466360148954499,762.2
1789403640,762.2,762.27,761.84,761.89,-47.72291043631957,-36.558111340132214,0,0,0,762.0104637491303,0.35259058526005704,761.89
1789403760,761.91,762.1,761.88,761.99,-49.70554790982158,-37.07622747251979,0,0,0,762.0073154800333,0.3431198291700549,761.99
1789403880,761.96,762.13,761.9,762.051,-49.80118950668912,-37.300702408834,0,0,0,762.0140361754128,0.3350398413721951,762.051
1789404000,762.05,762.13,761.93,762.13,-45.0178682265602,-37.16738757034698,0,0,0,762.0318767638108,0.32539413841704157,762.13
1789404120,762.14,762.23,761.97,762.18,-39.653862994012336,-36.77935190283548,0,0,0,762.0546649539938,0.32072312853010937,762.18
1789404240,762.16,762.32,762.07,762.12,-37.76267619654285,-36.60330067018913,0,0,0,762.0647164995332,0.3156714764922444,762.12
1789404360,762.15,762.88,762.09,762.68,-30.47769577016217,-34.934728665498625,1,0,0,762.1593754996051,0.3495520853142243,762.68
1789404480,762.66,763.49,762.66,763.27,-24.59511393288502,-32.07184007226729,0,0,0,762.3302408073581,0.38386979350606837,763.27
1789404600,763.25,763.37,763.1,763.37,-19.46041995670606,-29.012687213986286,0,0,0,762.4902037600723,0.3757362368270622,763.37
1789404720,763.35,763.52,763.24,763.285,-17.645915430155203,-26.627741766837808,0,0,0,762.6124801046766,0.3688979341965558,763.285
1789404840,763.29,763.29,762.98,763,-21.69151489567983,-25.604672522329544,0,0,0,762.672098550111,0.36469093889679793,763
1789404960,762.99,763.06,762.7,762.73,-31.73292188604545,-25.903061888155747,0,1,0,762.6810064654785,0.36435587183273377,762.73
1789405080,762.73,762.9,762.57,762.9,-35.73118538137397,-25.878025804322203,0,0,0,762.7146977784818,0.3619018809875333,762.9
1789405200,762.89,763.06,762.73,762.79,-41.01580707474782,-25.937748486343917,0,0,0,762.7262827356384,0.3596231752027043,762.79
1789405320,762.75,762.87,762.53,762.59,-47.72614102034634,-26.587071042270736,0,0,0,762.7053161609248,0.35822151983108486,762.59
1789405440,762.65,762.715,762.59,762.66,-51.422312487808064,-27.1155098897335,0,0,0,762.6983444438595,0.3415628398431502,762.66
1789405560,762.66,762.8,762.5,762.51,-56.38816293728485,-28.062059482664964,0,0,0,762.6693683755734,0.33859406556863625,762.51
1789405680,762.52,762.53,762.35,762.43,-60.96969363153575,-29.248729309096987,0,0,0,762.632542471639,0.3272659180280158,762.43
1789405800,762.46,762.71,762.4,762.61,-60.60229692354448,-29.829370229915522,0,0,0,762.6290743990792,0.32603263816887607,762.61
1789405920,762.64,762.85,762.37,762.38,-64.66600840694429,-30.935326991014616,0,0,0,762.5907552607594,0.33703030687110047,762.38
1789406040,762.35,762.42,762.1,762.19,-69.74950630520786,-32.626823498742624,0,0,0,762.5291006052579,0.33581385638030303,762.19
1789406160,762.16,762.27,762.08,762.13,-74.56822728988148,-34.356313555933426,0,0,0,762.4677005121413,0.3253985809245629,762.13
1789406280,762.11,762.14,761.91,762.05,-79.2595038007447,-36.10911932558969,0,0,0,762.4034388948887,0.31858439657280974,762.05
1789406400,762.1,762.34,762.055,762.17,-80.31836847666207,-37.181944866590285,0,0,0,762.367525218752,0.3165426539604717,762.17
1789406520,762.17,762.41,762.17,762.309,-77.80685560900996,-37.78480126639884,0,0,0,762.358521338944,0.3110753215347244,762.309
1789406640,762.32,762.48,762.24,762.259,-77.07661352057815,-38.234259645150956,0,0,0,762.3432103637218,0.30599851285367335,762.259
1789406760,762.26,762.41,762.18,762.41,-73.04568641608424,-38.21654229335997,0,0,0,762.35348569238,0.30057004764984085,762.41
1789406880,762.35,762.71,762.33,762.71,-63.8401654331805,-35.03028705927784,0,0,0,762.4083340473985,0.3062436156748519,762.71
1789407000,762.715,762.83,762.52,762.65,-58.25206685781266,-31.87053368443494,0,0,0,762.4455134247219,0.3065119288409382,762.65
1789407120,762.689,762.83,762.5,762.62,-54.7190140071905,-29.30369979269208,0,0,0,762.4723575132261,0.30818964820944555,762.62
1789407240,762.57,762.72,762.51,762.55,-51.26497638145288,-27.44674904365584,0,0,0,762.4843025111913,0.3011761019087735,762.55
1789407360,762.55,762.73,762.55,762.73,-43.613949677392974,-24.97565523659047,0,0,0,762.5221021248542,0.29252066605815136,762.73
1789407480,762.72,762.86,762.72,762.83,-36.31046225804331,-22.212758643279027,0,0,0,762.5694710287228,0.2816263327682824,762.83
1789407600,762.84,762.84,762.6,762.6,-36.83327267862196,-20.907991581476733,0,0,0,762.5741677935347,0.2786530232848343,762.6
1789407720,762.58,762.71,762.53,762.71,-30.624954508965757,-19.364762442820734,0,0,0,762.5950650560678,0.27160637876449356,762.71
1789407840,762.7,762.76,762.55,762.63,-28.672562569685226,-18.372279753923547,0,0,0,762.6004396628266,0.2672059231384609,762.63
1789407960,762.6,762.77,762.59,762.76,-23.39915876936952,-16.961296855827406,0,0,0,762.6249874070071,0.2609769286285673,762.76
1789408080,762.78,762.835,762.64,762.65,-23.314627684642062,-16.211269606775833,0,0,0,762.6288354982368,0.2562642908693875,762.65
1789408200,762.67,762.73,762.59,762.68,-22.2642846898922,-15.556323090058958,0,0,0,762.6367069600465,0.2479596986644303,762.68
1789408320,762.68,762.85,762.65,762.71,-20.790318780575614,-14.841865366547136,0,0,0,762.647982812347,0.24453400590268853,762.71
1789408440,762.7,762.85,762.7,762.78,-17.108528559116625,-13.8335555302272,0,0,0,762.668293148909,0.23778157690963772,762.78
1789408560,762.79,762.86,762.6,762.66,-19.420870103549518,-13.512829205010952,0,0,0,762.667017279846,0.23936860713037725,762.66
1789408680,762.67,762.67,762.35,762.36,-31.039336788188002,-15.094718349103854,0,0,0,762.6197838521774,0.24512799233534577,762.36
1789408800,762.34,762.81,762.34,762.49,-37.496893895488036,-16.31166484298064,0,0,0,762.5998171056885,0.2611902785971006,762.49
1789408920,762.5,762.54,762.21,762.22,-51.81832259552739,-19.260502580643966,0,0,0,762.5413837048134,0.2661052586973025,762.22
1789409040,762.24,762.34,762.13,762.26,-59.78157990235884,-22.363504540297132,0,0,0,762.4980939040729,0.26209774021892634,762.26
1789409160,762.25,762.43,762.21,762.39,-61.07037748074191,-24.070735571159144,0,0,0,762.4814640726771,0.25909075877471116,762.39
1789409280,762.39,762.59,762.39,762.43,-60.59585400245646,-24.899615825393518,0,0,0,762.4735465230344,0.2548699902908065,762.43
1789409400,762.43,762.45,762.29,762.29,-65.28388721100109,-26.387616998984296,0,0,0,762.4453085964137,0.24809356241289757,762.29
1789409520,762.275,762.29,762.17,762.18,-72.7300386959232,-28.57155173681847,0,0,0,762.4044918892731,0.23894402224054806,762.18
1789409640,762.19,762.48,762.18,762.42,-67.51981560143646,-28.914116315281994,0,0,0,762.4068777524618,0.2433051635090852,762.42
1789409760,762.38,762.38,762.22,762.25,-71.25849094886226,-29.980675485129257,0,0,0,762.3827427136215,0.24021193754414566,762.25
1789409880,762.27,762.31,762.17,762.29,-71.41866273219514,-30.782369771952418,0,0,0,762.3684746038335,0.23305394200527713,762.29
1789410000,762.27,762.33,762.19,762.2,-76.27796965188222,-32.05568253286475,0,0,0,762.342555434013,0.22640723186204206,762.2
1789410120,762.18,762.2,762.11,762.13,-81.72847723891209,-33.68815650792771,0,0,0,762.3098545980109,0.21666385815761277,762.13
1789410240,762.14,762.21,762.08,762.15,-83.5320079730588,-34.976171058509784,0,0,0,762.2852615829323,0.21047358257492582,762.15
1789410360,762.16,762.18,762,762,-87.6490059797941,-36.892165271928114,0,0,0,762.2413751855581,0.20829689810528468,762
1789410480,762.01,762.04,761.91,762,-87.36216283330164,-38.45832970130641,0,0,0,762.2042405416261,0.20270426252633547,762
1789410600,762.05,762.15,761.97,762.02,-86.39712121753459,-39.54514504422696,0,0,0,762.1758958429143,0.20108252948873653,762.02
1789410720,762.03,762.33,762.01,762.26,-76.16626196578241,-38.87394779142179,0,0,0,762.1888349440044,0.20957663452525893,762.26
1789410840,762.27,762.35,762.19,762.3,-67.7352227901269,-37.70952252007247,0,0,0,762.2059372603114,0.20603544634488102,762.3
1789410960,762.31,762.47,762.29,762.39,-59.70668025049,-36.12053845371463,0,0,0,762.2342546048789,0.2041757716059655,762.39
1789411080,762.385,762.41,762.33,762.35,-54.20686203971696,-34.90048446080144,0,0,0,762.2520615887437,0.19530607363410563,762.35
1789411200,762.33,762.47,762.26,762.43,-48.25514652978782,-33.52779523702483,0,0,0,762.279436728937,0.1963556398031007,762.43
1789411320,762.43,762.52,762.36,762.45,-39.89724225028134,-31.655300794310378,0,0,0,762.3056772321775,0.19375880838859125,762.45
1789411440,762.445,762.46,762.34,762.4,-35.68828856087385,-30.019513411227884,0,0,0,762.3201884272271,0.1884903220751208,762.4
1789411560,762.4,762.7,762.12,762.31,-38.62212291962662,-29.5302320267066,0,0,0,762.3186209768844,0.21645529906975794,762.31
1789411680,762.29,762.54,762.29,762.51,-33.86505018742064,-27.962462468441174,0,0,0,762.3480639035175,0.2188513491362038,762.51
1789411800,762.495,762.54,762.33,762.37,-36.78354055481888,-27.042742601328147,0,0,0,762.3514386875918,0.2182191099121837,762.37
1789411920,762.37,762.46,762.35,762.4,-38.4104402262441,-26.13761423189593,0,0,0,762.3589096587315,0.21048917348988586,762.4
1789412040,762.4,762.4,762.245,762.38,-40.66690912775338,-25.485548810048,0,0,0,762.3621543266189,0.20652566109774922,762.38
1789412160,762.38,762.46,762.25,762.25,-47.75334640277709,-26.170401711525145,0,0,0,762.3448998148314,0.2067738281621983,762.25
1789412280,762.24,762.26,762.09,762.12,-56.03019967550018,-28.18265630758945,0,0,0,762.3102998433188,0.2041471261506098,762.12
1789412400,762.13,762.21,761.91,761.98,-65.42771304776339,-31.246567910239545,0,0,0,762.2594844828083,0.21099375999699968,761.98
1789412520,761.97,762.01,761.91,761.99,-72.1159245039972,-34.07176561423454,0,0,0,762.218025331607,0.20306563428292992,761.99
1789412640,762,762.11,761.82,761.83,-78.88239792345263,-37.45108157984051,0,0,0,762.1583291267444,0.20927523183414662,761.83
1789412760,761.82,761.88,761.74,761.75,-83.97429844258966,-40.58585417961568,0,0,0,762.0955092610915,0.20432700098884946,761.75
1789412880,761.745,761.95,761.62,761.84,-82.09541452263215,-42.01481532534991,0,0,0,762.0562001440005,0.21330364377536312,761.84
1789413000,761.85,761.92,761.83,761.87,-79.75750219081871,-42.56679668259888,0,0,0,762.0275539680005,0.2044962406485456,761.87
1789413120,761.89,762.04,761.89,761.93,-75.04071516570461,-42.43646113276249,0,0,0,762.0125456652312,0.20203222345936084,761.93
1789413240,761.925,762.09,761.83,761.88,-71.11875115809936,-42.56324696162619,0,0,0,761.9921540244264,0.2061727789265487,761.88
1789413360,761.88,761.92,761.81,761.88,-68.17727815239542,-43.14104033956183,0,0,0,761.9748995591301,0.19930329471751046,761.88
1789413480,761.88,761.93,761.78,761.87,-66.37214968821476,-43.795472480468504,0,0,0,761.9587611654177,0.19578163080911523,761.87
1789413600,761.86,761.93,761.72,761.72,-71.03294769154321,-45.483100349814976,0,0,0,761.9220286784304,0.19679722860845864,761.72
1789413720,761.74,761.75,761.65,761.69,-75.73147506433143,-47.58990436560035,0,0,0,761.8863319586718,0.1898831408507132,761.69
1789413840,761.69,761.86,761.68,761.7,-80.17360629824809,-49.53227983783334,0,0,0,761.8576655034915,0.18917720221852394,761.7
1789413960,761.7,761.82,761.7,761.73,-82.13020472368646,-50.957005460520804,0,0,0,761.8380246568005,0.1842359734886297,761.73
1789414080,761.72,761.83,761.71,761.72,-83.25888542682208,-52.07407869745642,0,0,0,761.8198670172927,0.17964768966801362,761.72
1789414200,761.73,761.925,761.71,761.86,-75.74851189620313,-52.02754268033709,0,0,0,761.8260413223246,0.1821728546917211,761.86
1789414320,761.87,761.93,761.74,761.78,-73.89615951617166,-53.88559551051219,0,0,0,761.818958041967,0.18273193649945108,761.78
1789414440,761.75,761.79,761.56,761.6,-79.62211963712728,-57.27021977265387,0,0,0,761.7852721893566,0.18610822674949157,761.6
1789414560,761.6,761.7,761.57,761.64,-81.67908972784586,-61.62173110267133,0,0,0,761.7629226217633,0.1821004962673847,761.64
1789414680,761.64,761.68,761.58,761.6,-84.82003158159583,-66.06240323185324,0,0,0,761.7378576030305,0.17623617510542217,761.6
1789414800,761.605,761.72,761.58,761.64,-83.85636984004265,-70.4095351949196,0,0,0,761.7228025871797,0.17364787688360533,761.64
1789414920,761.64,761.67,761.55,761.589,-85.82369479073998,-74.54701760082234,0,0,0,761.7022175737674,0.16981588567763387,761.589
1789415040,761.58,761.71,761.56,761.7,-77.546342521624,-76.86416856106334,0,0,0,761.7018764085724,0.1684004652720951,761.7
1789415160,761.71,761.82,761.66,761.71,-70.8264235578827,-78.28039703752216,1,0,0,761.7031261918689,0.16780043203837988,761.71
1789415280,761.705,761.74,761.6,761.715,-65.61981766841024,-79.25387828502545,0,0,0,761.7049529315814,0.16581468689278034,761.715
1789415400,761.715,761.82,761.35,761.39,-72.98427095689003,-82.43276587958535,0,0,0,761.656498634415,0.18754220925758366,761.39
1789415520,761.4,761.48,761.12,761.23,-76.04514274682495,-85.86166034813077,0,0,0,761.5908834598896,0.19986062288204295,761.23
1789415640,761.26,761.3,760.82,760.985,-77.58367490005399,-88.57427825542433,0,0,0,761.4976706199066,0.21987057839046162,760.985
1789415760,760.99,761.19,760.895,761.155,-70.85980135455301,-89.39644254590709,0,0,0,761.4449520629978,0.22523696564829096,761.155
1789415880,761.15,761.32,760.66,760.76,-76.04044391754647,-91.36924319420993,0,0,0,761.3395748225366,0.25629146810199027,760.76
1789479000,760.11,760.36,759.115,759.15,-81.80653187244069,-93.30090282391731,0,0,0,761.002717157531,0.3554849346661325,759.15
1789479120,759.14,759.34,758.82,758.829,-86.30280887217674,-94.90033392735793,0,0,0,760.6682991332955,0.36723601076140744,758.829
1789479240,758.83,759.43,758.735,759.39,-81.36244735323034,-94.71930091946881,0,0,0,760.471637728173,0.39064772427844524,759.39
1789479360,759.39,759.7,759.34,759.47,-76.56138750131113,-94.04339525665357,0,0,0,760.3175396161464,0.38845860111570013,759.47
1789479480,759.48,759.86,759.47,759.81,-69.3647025978146,-92.28571439418228,0,0,0,760.2394565982777,0.3885687010360063,759.81
1789479600,759.8,759.85,759.52,759.66,-65.79747730202409,-90.9524786502977,0,0,0,760.1503094293118,0.3843852223905802,759.66
1789479720,759.65,759.69,759.41,759.65,-63.24407755563657,-89.93439893598665,0,0,0,760.0733387478792,0.3769291350769735,759.65
1789479840,759.68,760.18,759.66,759.79,-59.27746659460462,-88.69226894026333,0,0,0,760.0297481712824,0.38786276828575916,759.79
1789479960,759.78,759.845,759.45,759.52,-59.68463144116437,-88.39578401961927,0,0,0,759.9513253757005,0.3883725705510607,759.52
1789480080,759.52,759.54,759.22,759.35,-62.11948997033097,-89.04830795181121,0,0,0,759.858813779439,0.3834888155116947,759.35
1789480200,759.33,759.52,759.2,759.52,-64.30484511882729,-89.23676841959389,0,0,0,759.8066885826022,0.3789539001179977,759.52
1789480320,759.49,759.77,759.45,759.72,-61.595106507456116,-88.69870894830382,0,0,0,759.7933518775865,0.3747429072524219,759.72
1789480440,759.72,759.75,759.49,759.645,-61.193585663707125,-88.29302960830543,0,0,0,759.770528511804,0.36654698530581964,759.645
1789480560,759.555,759.615,759.4,759.57,-62.52322814567232,-88.20239041699094,0,0,0,759.7396779715265,0.3578650577839757,759.57
1789480680,759.57,759.59,759.37,759.55,-63.95533550442252,-88.29779258646965,0,0,0,759.7104967451378,0.3480175536565508,759.55
1789480800,759.54,759.54,759.05,759.17,-70.42841410805792,-89.89710220024048,0,0,0,759.627343399732,0.3588734426810829,759.17
1789480920,759.16,759.18,758.91,758.939,-76.48360566301098,-91.98074590364311,0,0,0,759.5214444151578,0.3525253396324328,758.939
1789481040,758.93,759.1,758.83,758.9,-81.21376807704573,-93.83819917888658,0,0,0,759.4258375820566,0.34663067251582913,758.9
1789481160,758.88,758.99,758.55,758.76,-84.2173626500907,-95.32952930121635,0,0,0,759.323401030971,0.35329991019327384,758.76
1789481280,758.72,758.74,758.49,758.52,-87.97220926672014,-96.4807736149294,0,0,0,759.1998008723601,0.3473499166080387,758.52
1789481400,758.49,758.515,758.05,758.16,-89.21079333634324,-97.35512242420276,0,0,0,759.0398315073817,0.3561106368503236,758.16
1789481520,758.15,758.21,757.93,757.94,-91.82809500225659,-98.01452255582063,0,0,-1,758.8706266600922,0.35067416278959235,757.94
1789481640,757.92,758.13,757.88,758.07,-90.2775623638374,-98.51028549608833,0,0,-1,758.7474533277704,0.3434831511617643,758.07
1789481760,758.08,758.26,757.93,758.26,-82.73425872939977,-98.8825119818072,0,0,-1,758.6724605081134,0.34252006893592696,758.26
1789481880,758.24,758.425,758.14,758.22,-78.14703602029321,-99.16181660626904,0,0,-1,758.602851199173,0.33841149258335845,758.22
1789482000,758.22,758.34,757.62,757.62,-83.6102770152199,-99.371339994673,0,0,-1,758.4516433223771,0.36566781454169195,757.62
1789482120,757.64,757.665,757.19,757.19,-87.70770776141492,-99.52849750932849,0,0,-1,758.2575443497037,0.373477256360136,757.19
1789482240,757.2,757.74,757.2,757.6,-82.50283679712214,-99.64637063643761,0,0,-1,758.1563836805185,0.3860860237629802,757.6
1789482360,757.57,757.66,757.48,757.53,-79.1463316814989,-99.73477714547529,0,0,-1,758.0600169604387,0.3713655934941923,757.53
1789482480,757.53,757.73,757.47,757.49,-77.34016491779583,-99.80108258182216,0,0,-1,757.9723220434481,0.3634109082446065,757.49
1789482600,757.47,757.62,757.22,757.62,-73.00512368834714,-99.82511704347286,0,0,-1,757.9181186521485,0.36602441479856157,757.62
1789482720,757.58,757.63,757.26,757.36,-75.80035439416793,-99.86027281830673,0,0,-1,757.8322542441256,0.36630838517009323,757.36
1789482840,757.33,757.61,757.1,757.44,-74.15215258807751,-99.89234962563074,0,0,-1,757.7719074373371,0.3765720719436573,757.44
1789482960,757.4,757.595,757.21,757.28,-76.31987984861371,-99.9183105565233,0,0,-1,757.6962293700544,0.377174066804824,757.28
1789483080,757.27,757.28,757.06,757.15,-80.10552253468082,-99.93841569649254,0,0,-1,757.6121940823538,0.36594734774733856,757.15
1789483200,757.14,757.15,756.88,757.06,-82.147264468738,-99.95370603206943,0,0,-1,757.527241146607,0.35909396576538455,757.06
1789483320,757.04,757.24,757.02,757.03,-83.85362073521182,-99.96524427728542,0,0,-1,757.4507425086675,0.34915868249643045,757.03
1789483440,757.04,757.38,757.02,757.23,-78.53343163180959,-99.97392145904185,0,0,-1,757.4167821227187,0.349933062318115,757.23
1789483560,757.249,757.31,757.11,757.29,-73.40244339210393,-99.98043717797398,0,0,-1,757.397277180762,0.33922355786681624,757.29
1789483680,757.225,757.225,756.92,756.93,-79.56796157633646,-99.98532657804469,0,0,-1,757.3253883837217,0.341421875162044,756.93
1789483800,756.91,757.01,756.3,756.32,-84.51344296554728,-99.98899449838825,0,0,-1,757.1707132477645,0.36774888407904344,756.32
1789483920,756.32,756.49,756.15,756.32,-84.55803817865015,-99.99174572874277,0,0,-1,757.03983428657,0.3657668209305426,756.32
1789484040,756.33,756.61,756.32,756.45,-81.40405872258208,-99.99380924820761,0,0,-1,756.9490905501747,0.3603549051497869,756.45
1789484160,756.43,756.86,756.365,756.86,-73.43546162435379,-99.50148759525814,0,0,-1,756.9353843116862,0.36997241192480246,756.86
1789484280,756.84,756.85,756.43,756.44,-75.04630838410688,-99.43195984874521,0,0,-1,756.8591713406576,0.37426009678732114,756.44
1789484400,756.45,756.97,756.44,756.94,-67.79158060314818,-98.75751491420104,0,0,-1,756.871606519018,0.3853843755882248,756.94
1789484520,756.93,757.06,756.6,757.05,-58.65500620707857,-97.44872109212213,0,0,-1,756.8990516699383,0.39071406304620326,757.05
1789484640,757.03,757.27,757.03,757.1,-51.23653767417655,-96.03272073426146,0,0,-1,756.9299667976401,0.379948772828618,757.1
1789484760,757.03,757.2,756.94,757.03,-46.88412160800213,-94.99131191518283,0,0,-1,756.94535652108,0.37138100334085894,757.03
1789484880,757.02,757.02,756.8,756.88,-46.66049757297101,-94.60938872289209,0,0,-1,756.9353016716831,0.3612823602450846,756.88
1789485000,756.86,757,756.7,756.96,-43.89146879450229,-94.1397664149085,0,0,-1,756.9391014145011,0.35690504879900387,756.96
1789485120,756.99,757.04,756.78,756.81,-45.14847201271715,-94.14246247812147,0,0,-1,756.919239658424,0.34998325959907434,756.81
1789485240,756.84,757.05,756.83,756.925,-43.29937831359929,-93.92252861145181,0,0,-1,756.9201258648203,0.3421273124848554,756.925
1789485360,756.92,757.22,756.82,757.21,-37.27038148606424,-92.75134247155326,0,0,-1,756.9647218856172,0.3462610758787927,757.21
1789485480,757.21,757.37,757.18,757.265,-29.63571294381658,-90.89150863872173,0,0,-1,757.0109185185992,0.33509957045888283,757.265
1789485600,757.25,757.34,756.99,757.06,-29.44286993407831,-89.8728065848088,0,0,-1,757.0184695157377,0.3361638868546786,757.06
1789485720,757.07,757.49,756.99,757.41,-23.1567793162309,-87.93315366829792,0,0,-1,757.078704974855,0.3478664663650587,757.41
1789485840,757.4,757.5,757.33,757.36,-19.85731959151377,-86.40928185120248,0,0,-1,757.1219811325697,0.3351617187675516,757.36
1789485960,757.36,757.47,757.17,757.47,-15.292989693634958,-84.76273796835513,0,0,-1,757.1755224967898,0.3326501674270171,757.47
1789486080,757.47,757.48,757.3,757.48,-11.736408936892637,-83.27446771815809,0,0,-1,757.2223651895913,0.32174658403937756,757.48
1789486200,757.49,757.55,757.19,757.24,-15.971148675278815,-83.00144503840166,0,0,-1,757.2250782373465,0.3244789708937006,757.24
1789486320,757.22,757.27,756.93,757.04,-25.53550436360196,-83.82353672385204,0,0,-1,757.1966046623701,0.3255876158298671,757.04
1789486440,757.06,757.39,756.98,757.22,-29.058129260495743,-84.09606238893394,0,0,-1,757.2002039450824,0.3316170718420172,757.22
1789486560,757.26,757.5,757.16,757.245,-31.285236382314373,-84.0889476528942,0,0,-1,757.207095645839,0.33221585242473256,757.245
1789486680,757.25,757.42,757.25,757.31,-31.316528130252998,-83.77746091072787,0,0,-1,757.2229270849407,0.32098614868010555,757.31
1789486800,757.3,757.66,757.3,757.56,-26.307887280475924,-82.45392929588384,0,0,-1,757.2747844564883,0.3237728523458133,757.56
1789486920,757.57,757.75,757.56,757.73,-20.095566745614832,-80.44182081481232,0,0,-1,757.3448176170285,0.31421764860683055,757.73
1789487040,757.71,757.74,757.4,757.505,-23.648662190173177,-79.57650630018895,0,0,-1,757.3694610605626,0.31605924513491634,757.505
1789487160,757.485,757.52,757.26,757.26,-33.136496642630405,-80.16161995203123,0,0,-1,757.3526208973991,0.31205501333956454,757.26
1789487280,757.27,757.36,756.92,757.01,-44.538086767687794,-82.095594354648,0,0,-1,757.2999099901069,0.321193940958171,757.01
1789487400,757,757.56,757,757.16,-49.063031512944384,-83.30589948896987,0,0,-1,757.2783853762443,0.33825151660401204,757.16
1789487520,757.17,757.24,757.1,757.15,-54.053403308040636,-84.24171889644498,0,0,-1,757.258633779899,0.3240906939894388,757.15
1789487640,757.18,757.7,757,757.53,-47.03006414057303,-83.06099977167783,0,0,-1,757.3003824291453,0.3509413587044821,757.53
1789487760,757.47,757.47,757.16,757.27,-49.64188351157155,-82.71912065541325,0,0,-1,757.2957082092768,0.35230269022559085,757.27
1789487880,757.29,757.33,757.11,757.11,-58.11093070596684,-83.4440943589149,0,0,-1,757.2671377155419,0.342852498066622,757.11
1789488000,757.12,757.32,757.03,757.26,-58.857202186506385,-83.50790940158006,0,0,-1,757.2660396054586,0.33907731963329735,757.26
1789488120,757.25,757.32,757.17,757.24,-60.15200348594465,-83.51273374325544,0,0,-1,757.2620335123111,0.32557179680235404,757.24
1789488240,757.23,757.35,757.1,757.21,-62.247046666573894,-83.66956629396374,0,0,-1,757.2540283565709,0.32017381131647166,757.21
1789488360,757.19,757.23,756.84,756.91,-70.30066961531625,-85.2495104909089,0,0,-1,757.2011009170984,0.325161396222437,756.91
1789488480,756.91,756.92,756.63,756.74,-75.74055169513505,-87.40292105040382,0,0,-1,757.1301623144678,0.3226498679208318,756.74
1789488600,756.74,756.85,756.68,756.81,-78.05818915861525,-88.68939913675796,0,0,-1,757.0809065737805,0.3117463059264919,756.81
1789488720,756.83,756.84,756.69,756.83,-78.58088054491715,-89.4504022359271,0,0,-1,757.0423055624296,0.30019299836031227,756.83
1789488840,756.81,756.84,756.71,756.79,-79.9770452077329,-90.16991346213504,0,0,-1,757.0034893220559,0.2880363556202896,756.79
1789488960,756.78,756.94,756.74,756.93,-76.1442940530353,-89.99230684992095,0,0,-1,756.9921832725088,0.28174804450455787,756.93
1789489080,756.93,757.09,756.86,757.08,-67.87607768263291,-88.75000684850993,0,0,-1,757.0056935382767,0.27805175561137646,757.08
1789489200,757.07,757.26,757.07,757.23,-59.26420111911721,-86.58840717587162,0,0,-1,757.0402022246957,0.2717623444962739,757.23
1789489320,757.23,757.68,757.23,757.58,-47.18029369648009,-82.41610607329875,0,0,-1,757.123248036281,0.28449360560367803,757.58
1789489440,757.57,757.73,757.56,757.63,-37.169004056144054,-78.14246310397317,0,0,-1,757.2012098768531,0.27631549091770624,757.63
1789489560,757.63,757.8,757.619,757.74,-28.799829965184156,-74.06726898860276,0,0,0,757.2841006650295,0.26950724156643624,757.74
1789489680,757.74,757.87,757.48,757.59,-27.180371007612077,-71.72887389396895,0,0,0,757.3311621011788,0.2781138671688327,757.59
1789489800,757.56,757.56,757.31,757.55,-26.826627229317346,-70.3411526439528,0,0,0,757.3648294702283,0.27824859094249366,757.55
1789489920,757.54,757.82,757.54,757.7,-23.469982353349522,-68.54569032526437,0,0,0,757.4163941671162,0.27837369158946457,757.7
1789490040,757.7,757.769,757.52,757.6,-23.652305153054158,-67.42881656456576,0,0,0,757.4446412183291,0.2762755707616474,757.6
1789490160,757.59,757.73,757.565,757.67,-22.50698510540476,-66.23736830330911,0,0,0,757.4793118001246,0.2683273157072414,757.67
1789490280,757.67,757.69,757.45,757.55,-28.52540011937684,-65.87491744170816,0,0,0,757.4901869077977,0.26630393601386765,757.55
1789490400,757.55,757.65,757.47,757.65,-28.857598476630276,-65.20613019158057,0,0,0,757.5147735373673,0.26013936915573066,757.65
1789490520,757.64,757.67,757.54,757.6,-31.19755369618079,-64.83551348484183,0,0,0,757.5278853008492,0.250843699930321,757.6
1789490640,757.6,757.74,757.52,757.63,-30.148702906544656,-64.32179467456557,0,0,0,757.5435952545647,0.24864057850672863,757.63
1789490760,757.63,757.7,757.54,757.57,-33.033032556247996,-64.17767135711586,0,0,0,757.5476575230932,0.24230910861339675,757.57
1789490880,757.55,757.57,757.32,757.45,-37.87154861073375,-64.78571145445257,0,0,0,757.5326332887712,0.24285845799815411,757.45
1789491000,757.45,757.58,757.42,757.51,-39.421232122680486,-65.22645722022757,0,0,0,757.5291512443448,0.23693999671257754,757.51
1789491120,757.51,757.955,757.5,757.93,-29.921655317308105,-63.277973742863665,0,0,0,757.5908202836764,0.2525157112331106,757.93
1789491240,757.94,758.06,757.93,757.98,-24.374745089520573,-61.131095204457274,0,0,0,757.6506940861877,0.24376458900217382,757.98
1789491360,757.96,757.98,757.65,757.68,-29.347279690677734,-60.99465667331246,0,0,0,757.6552026883127,0.2499242612163072,757.68
1789491480,757.67,757.73,757.56,757.73,-32.562208718636434,-61.10142555958503,0,0,0,757.6667099670339,0.24421538541514762,757.73
1789491600,757.73,757.84,757.67,757.83,-33.26858676467741,-60.716559679274866,0,0,0,757.6918315105671,0.238914286456928,757.83
1789491720,757.84,757.84,757.26,757.34,-47.56589790483285,-63.42845371364962,0,0,0,757.6377035858645,0.2632775517100075,757.34
1789491840,757.34,757.39,757.1,757.12,-60.29942342862495,-67.64119925863525,0,0,0,757.558056880347,0.26518629801643295,757.12
1789491960,757.1,757.44,757.05,757.34,-63.11330699042597,-70.2222013098589,0,0,0,757.5245096679859,0.27410156244383777,757.34
1789492080,757.35,757.37,757.21,757.23,-67.97875110003383,-72.6717027841083,0,0,0,757.4792004882958,0.2659514508407042,757.23
1789492200,757.23,757.53,757.22,757.42,-66.76090985718726,-73.62303472642022,0,0,0,757.4700927208656,0.26909777578065003,757.42
1789492320,757.43,757.43,757.22,757.27,-69.30356071030725,-74.97414007398008,0,0,0,757.4393092253479,0.2648765060820267,757.27
1789492440,757.29,757.31,757.01,757.06,-75.86947103991656,-77.41815639626137,0,0,0,757.3809539599097,0.2673853270761644,757.06
1789492560,757.02,757.08,756.89,756.989,-79.78121115431031,-80.01163287166317,0,0,0,757.3206533506929,0.26185780371358514,756.989
1789492680,756.91,757.01,756.86,757.01,-80.47546060453897,-82.09721276617348,0,0,0,757.2728605275094,0.25386796059118455,757.01
1789492800,756.99,757.06,756.92,756.95,-82.90916261758188,-83.97620655689188,0,0,0,757.2231896771233,0.2457345348346704,756.95
1789492920,756.92,756.93,756.72,756.79,-86.14010962105182,-86.21663168770179,0,0,0,757.156545111412,0.2446106394893381,756.79
1789493040,756.78,756.8,756.61,756.76,-86.51683491931847,-88.21803396736645,0,0,0,757.0955381711948,0.24070987952580972,756.76
1789493160,756.74,756.91,756.73,756.83,-84.87012976018713,-89.47036152470787,0,0,0,757.0546861448571,0.2363734595596769,756.83
1789493280,756.82,756.88,756.67,756.88,-79.60111198247765,-89.69312653450571,0,0,0,757.0278113533407,0.23448964101970257,756.88
1789493400,756.87,757.07,756.82,757.04,-72.36290295237585,-88.50212489338534,0,0,0,757.0296865297498,0.23559752380400953,757.04
1789493520,757.06,757.2,757.05,757.13,-65.8170048004887,-86.62681467561914,0,0,0,757.0451193713268,0.23019770067515757,757.13
1789493640,757.12,757.17,756.95,757.105,-61.61184504657951,-85.05252281943503,0,0,0,757.0543317757381,0.22946929348406872,757.105
1789493760,757.105,757.12,756.93,757.12,-57.508153857927475,-83.68870298276974,0,0,0,757.0644345794707,0.2266500582352106,757.12
1789493880,757.11,757.11,756.98,757.11,-53.81404222271401,-82.65758555110592,0,0,0,757.0714446441675,0.22046076836126602,757.11
1789494000,757.04,757.24,757.04,757.1,-51.37758904389955,-81.99050900551934,0,0,0,757.0758377758341,0.21899928490689313,757.1
1789494120,757.1,757.1,756.9,757.1,-49.58583155448062,-81.55698984292106,0,0,0,757.0795550410904,0.21764219312783256,757.1
1789494240,757.125,757.2,757.11,757.2,-43.645895404989766,-79.89261572779098,0,0,0,757.0980850347688,0.20923917933298902,757.2
1789494360,757.2,757.26,757.04,757.07,-44.60352353243156,-79.17966212899587,0,0,0,757.093764260189,0.2100078093806346,757.07
1789494480,757.07,757.09,756.91,756.97,-50.24395569062785,-79.60684034934721,0,0,0,757.0747236047753,0.20786439442487953,756.97
1789494600,756.95,757.12,756.95,757.1,-48.632876029785585,-79.17461026909835,0,0,0,757.0786122809637,0.20515979482309948,757.1
1789494720,757.07,757.225,757.06,757.225,-40.974657022337944,-77.31557766086364,0,0,0,757.1011334685078,0.2022912380500265,757.225
1789494840,757.22,757.28,757.09,757.26,-32.0167070524667,-74.69004664553167,0,0,0,757.1255744733527,0.2014132924750204,757.26
1789494960,757.27,757.4,757.26,757.36,-24.92392269441253,-71.73494293300668,0,0,0,757.1616399389908,0.19702662872680368,757.36
1789495080,757.35,757.36,757.25,757.29,-22.310710976943767,-69.68457787789461,0,0,0,757.1813876406845,0.1908104409606044,757.29
1789495200,757.3,757.41,757.14,757.36,-18.0068867830026,-67.04855211932495,0,0,0,757.2088664651947,0.19646683803484563,757.36
1789495320,757.37,757.51,757.33,757.51,-13.50516508725195,-63.50446539978288,0,0,0,757.2551947013186,0.19529063531806737,757.51
1789495440,757.48,757.5,757.41,757.47,-11.43998492654894,-60.423926062994084,0,0,0,757.2882416703466,0.18848416136677848,757.47
1789495560,757.46,757.62,757.46,757.58,-9.968483186954485,-56.76888985382978,0,0,0,757.3331275672164,0.18644957841200632,757.58
1789495680,757.58,757.7,757.52,757.7,-7.476362390215863,-51.83056245429307,0,0,0,757.3895694799523,0.1859888942397247,757.7
1789495800,757.69,757.8,757.56,757.745,-9.438904445719531,-46.70905084485809,0,0,0,757.4442510984212,0.1898468303654593,757.745
1789495920,757.74,757.94,757.74,757.85,-12.987395117507342,-41.54679557656168,0,0,0,757.5066740063564,0.19057205676792974,757.85
1789496040,757.87,757.89,757.65,757.66,-21.58670018428549,-38.91704166871741,0,0,0,757.5302626207631,0.1941026241416497,757.66
1789496160,757.67,757.67,757.48,757.55,-29.940025138215347,-38.32636504648609,0,0,0,757.5332991406457,0.19380957956009906,757.55
1789496280,757.55,757.59,757.5,757.57,-35.499890648531284,-37.858824017553395,0,0,0,757.5389454267003,0.18639460959152282,757.57
1789496400,757.57,757.65,757.535,757.57,-39.669789781268236,-36.242267789029434,0,1,0,757.5437230533618,0.1812949946207004,757.57
1789496520,757.56,757.58,757.42,757.42,-45.752342335952164,-36.09353018790057,0,0,0,757.52468873746,0.17977392357637048,757.42
1789496640,757.43,757.54,757.42,757.54,-46.74144121798473,-35.03932613571651,0,0,0,757.5270443163123,0.17550435760663005,757.54
1789496760,757.53,757.53,757.38,757.4,-51.4929741173726,-35.354280317969675,0,0,0,757.5074990368796,0.17439690349186848,757.4
1789496880,757.43,757.69,757.43,757.66,-46.47625287630338,-33.232374576905,0,0,0,757.5309607235135,0.1826542675281691,757.66
1789497000,757.64,757.65,757.28,757.33,-52.94809874813677,-34.277075638265835,0,0,0,757.5000436891269,0.1967503912761567,757.33
1789497120,757.35,757.37,757.13,757.21,-61.64289224291928,-37.425496847489796,0,0,0,757.4554215831074,0.19983964904214616,757.21
1789497240,757.19,757.31,757.14,757.29,-66.18303902567928,-39.70389742215866,0,0,0,757.4299721087832,0.1977082455391328,757.29
1789497360,757.27,757.29,757.16,757.24,-72.1928348248149,-41.99986615859777,0,0,0,757.4007456305088,0.19287194228633725,757.24
1789497480,757.24,757.315,757.23,757.26,-75.96395252717328,-43.6860400180799,0,0,0,757.3790924565844,0.18516680355160148,757.26
1789497600,757.27,757.62,757.14,757.46,-71.42999933400039,-42.70620002267354,0,0,0,757.3915397709561,0.20622631758363125,757.46
1789497720,757.47,757.52,757.225,757.23,-76.35027727827773,-43.7117341285844,0,0,0,757.3666874985013,0.21256729489908324,757.23
1789497840,757.21,757.27,757.06,757.12,-81.03543523143452,-45.987056888501996,0,0,0,757.328735575655,0.21238391669200848,757.12
1789497960,757.11,757.17,756.93,756.931,-85.75875464139607,-49.85959859110913,0,0,0,757.2675454870927,0.21435649407115137,756.931
1789498080,756.92,756.95,756.74,756.85,-86.10728216800103,-54.04189339532357,0,0,0,757.2033077198477,0.21404531592321457,756.85
1789498200,756.845,757.09,756.84,757,-81.96571832545185,-56.11852200209719,0,0,0,757.1720296091019,0.21661350764298495,757
1789498320,757,757.15,756.99,757.05,-77.3918922810401,-57.44908457187119,0,0,0,757.1532558230862,0.21256968566848375,757.05
1789498440,757.1,757.18,757.05,757.12,-71.42184466653144,-57.785335684252246,0,0,0,757.1481395426114,0.20667185097787746,757.12
1789498560,757.1,757.32,757.1,757.26,-61.71375192095203,-56.376843364805566,0,0,0,757.1653488437481,0.20762386162231675,757.26
1789498680,757.25,757.49,757.25,757.49,-50.07478762492523,-52.179627228195315,1,0,0,757.2152951754791,0.20993644293500904,757.49
1789498800,757.48,757.62,757.36,757.4,-43.89188234898398,-49.55032909803455,0,0,0,757.2437113023285,0.21351241129679346,757.4
1789498920,757.39,757.41,757.28,757.38,-39.82055182448929,-48.03644784650555,0,0,0,757.264678794278,0.20754723906130787,757.38
1789499040,757.38,757.46,757.31,757.33,-38.375969956890856,-47.641737315779004,0,0,0,757.2747282105429,0.20343672198550666,757.33
1789499160,757.31,757.37,757.22,757.35,-37.02500156696703,-47.38641214746325,0,0,0,757.286308485844,0.1996198132722546,757.35
1789499280,757.35,757.4,757.28,757.34,-36.48125497808465,-47.323664596485386,0,0,0,757.2945687187911,0.19393268375280814,757.34
1789499400,757.33,757.369,757.24,757.24,-39.13100466962803,-48.511183363093195,0,0,0,757.2861735312848,0.18929463491332324,757.24
1789499520,757.21,757.26,757.08,757.1,-46.98461713858434,-51.52322702766212,0,0,0,757.2575314495487,0.18863073241951087,757.1
1789499640,757.1,757.22,757.09,757.13,-51.633831636100204,-54.20439268285632,0,0,0,757.2379112265412,0.18444282296097406,757.13
1789499760,757.1,757.2,757.08,757.17,-52.98058919837319,-55.856054162299,0,0,0,757.2274633455348,0.17983976417804765,757.17
1789499880,757.17,757.28,757.13,757.21,-51.81484350982523,-56.57564811387063,0,0,0,757.224776676991,0.1777083524510426,757.21
1789500000,757.19,757.22,757.09,757.14,-54.31381137047006,-57.83037757869902,0,0,0,757.2117341113001,0.17430061299025354,757.14
1789500120,757.14,757.21,757.12,757.18,-54.00435236769151,-58.50410398685199,0,0,0,757.2068519403308,0.16827914063380914,757.18
1789500240,757.16,757.2,756.94,756.97,-60.79871882122278,-61.686338715683,0,0,0,757.1704131802799,0.1748306305885364,756.97
1789500360,756.95,757.13,756.95,757.1,-59.645892565891224,-63.31298966789861,0,0,0,757.1595803833137,0.17519987126078024,757.1
1789500480,757.11,757.11,756.98,756.98,-64.53366184866091,-65.89849077356665,0,0,0,757.1319526320347,0.17197130902786703,756.98
1789500600,756.97,757.03,756.92,756.95,-70.86178484803375,-68.9271959833493,0,1,0,757.1039599194139,0.1675447869544489,756.95
1789500720,756.95,757.07,756.93,756.995,-76.21776720745284,-71.21873349298119,0,0,0,757.0871968548887,0.16557730217199543,756.995
1789500840,756.96,756.97,756.83,756.85,-81.70762920305837,-74.72226308227656,0,0,0,757.0507050310597,0.1655360663025646,756.85
1789500960,756.86,756.91,756.72,756.8,-83.74324042081447,-78.40480064758945,0,0,0,757.0121350262813,0.1672834901380915,756.8
1789501080,756.8,756.83,756.57,756.67,-85.06203349021632,-82.32122172418993,0,0,0,756.9594988683918,0.17390609798537002,756.67
1789501200,756.65,756.77,756.56,756.68,-85.155666301787,-85.48081254999684,1,0,0,756.9164990424854,0.17648423384356046,756.68
1789501320,756.69,756.74,756.51,756.665,-83.41569630568334,-87.59650612474712,0,0,0,756.877806882103,0.18030678856902171,756.665
1789501440,756.68,756.79,756.62,756.66,-80.9686265744291,-89.21191213013111,0,0,0,756.8442981310102,0.17957058938551723,756.66
1789501560,756.655,756.96,756.65,756.85,-71.85006543643905,-88.21075890949986,0,0,0,756.845175341624,0.1888869758579845,756.85
1789501680,756.83,757,756.8,756.97,-62.58417829081156,-85.09792190123639,0,0,0,756.8643791352202,0.18968076329670316,756.97
1789501800,756.96,757.04,756.67,756.715,-64.60435743054238,-85.2714514025559,0,0,0,756.8413977298018,0.2025607087755104,756.715
1789501920,756.72,756.745,756.54,756.68,-67.32198104022052,-86.58921046080631,0,0,0,756.8165673098323,0.20273494386297689,756.68
1789502040,756.69,757.05,756.67,756.96,-57.97200526068356,-84.46478569894869,0,0,0,756.8386338775504,0.21539673358704964,756.96
1789502160,756.96,757.04,756.91,756.96,-50.95952342603084,-81.84511877570365,0,0,0,756.8573055886965,0.20929696690226005,756.96
1789502280,756.97,757.46,756.86,757.42,-38.97753730636666,-74.40251941730354,0,0,0,756.9438739596662,0.2372043264092431,757.42
1789565400,759.5,759.66,759.24,759.36,-31.41235097476143,-62.295751703438505,0,0,0,757.3155856581791,0.38026116023715495,759.36
1789565520,759.32,759.52,759.19,759.42,-25.254381218918386,-50.58556483056995,0,0,0,757.6393417107669,0.3766710773630672,759.42
1789565640,759.43,759.52,759.14,759.31,-21.596098311154982,-41.379741266912745,0,0,0,757.8963660629565,0.3769088575514192,759.31
1789565760,759.33,759.33,759.1,759.13,-20.423613345253607,-35.16680383930463,0,0,0,758.0861558994247,0.3664153677263191,759.13
1789565880,759.11,759.11,758.75,758.8,-22.424832848184217,-32.371741981463735,0,0,0,758.195978068744,0.36738569860301024,758.8
1789566000,758.82,759.12,758.73,758.82,-25.82750701778709,-30.686788199618388,0,0,0,758.2919814427834,0.3690010058456514,758.82
1789566120,758.83,758.9,758.74,758.81,-28.496156071516786,-29.515692756286388,0,0,0,758.3716766054321,0.35407236257095975,758.81
1789566240,758.79,759.74,758.75,759.42,-24.882307785424636,-25.731183406413102,0,0,0,758.5329571276733,0.3994957652444633,759.42
1789566360,759.39,759.89,759.33,759.89,-18.661730839068476,-20.496525501209263,0,0,0,758.7417329541851,0.41096035344128345,759.89
1789566480,759.89,759.91,759.58,759.885,-14.317177062269598,-15.771773441373426,0,0,0,758.9176201920028,0.40517747105261515,759.885
1789566600,759.89,760.25,759.86,760.24,-10.854566045054286,-11.961956519518896,0,0,0,759.121063239387,0.4040933659774274,760.24
1789566720,760.25,760.43,760.04,760.41,-8.363575221972761,-9.015842869135447,0,0,1,759.3193612025582,0.4030866969790387,760.41
1789566840,760.41,760.41,760.09,760.22,-8.628543196833794,-7.075462909914583,0,1,1,759.4579210175492,0.39715193290910283,760.22
1789566960,760.2,760.265,760.075,760.19,-9.182431138740103,-5.777516683164652,0,0,1,759.5705485533109,0.3823553662727341,760.19
1789567080,760.19,760.26,759.98,760.2,-9.48488777262344,-4.7579116499827645,0,0,1,759.667387237417,0.37504426868182256,760.2
1789567200,760.24,760.41,759.99,760.05,-15.77417354154873,-4.563766823500401,0,0,1,759.7262507393528,0.37825539234740374,760.05
1789567320,760.07,760.08,759.71,759.74,-22.023432212716557,-5.596866221402263,0,0,1,759.7283660102216,0.3776657214654467,759.74
1789567440,759.77,759.78,759.5,759.51,-27.92182947868617,-7.610486069665079,0,0,1,759.6947712394183,0.37068959850362715,759.51
1789567560,759.53,759.63,759.34,759.62,-31.51083120435915,-9.123209836525085,0,0,1,759.6832679718154,0.3649260557533655,759.62
1789567680,759.64,759.83,759.54,759.66,-33.66831446202204,-10.154115546093182,0,0,1,759.6796882838438,0.35957419462813067,759.66
1789567800,759.69,759.761,759.51,759.64,-40.615941728869416,-11.39582346536329,0,0,1,759.6735823940217,0.3518188950118339,759.64
1789567920,759.621,759.63,759.11,759.325,-49.161956296651525,-13.994778160766316,0,0,1,759.6199543334029,0.36454611679670096,759.325
1789568040,759.32,759.71,759.29,759.68,-49.3387412759003,-14.899211009412168,0,0,1,759.629192128264,0.36850710845408463,759.68
1789568160,759.66,759.72,759.4,759.541,-51.80665886729952,-15.857796887639122,0,0,1,759.615624108531,0.36504231499308215,759.541
1789568280,759.55,759.59,759.235,759.28,-58.031464738710184,-17.993128162682563,0,0,1,759.5639896302955,0.36432500677929186,759.28
1789568400,759.28,759.33,759.2,759.24,-63.12359855403252,-20.29099105536512,0,0,1,759.5141450717886,0.3475875062950564,759.24
1789568520,759.2,759.22,758.94,759.095,-68.56163382676667,-23.053252811872653,0,0,1,759.4496612145904,0.34418839870254914,759.095
1789568640,759.09,759.09,758.9,758.93,-74.49265394150405,-26.36607131843811,0,0,0,759.3697133354226,0.3335320845095135,758.93
1789568760,758.92,759.015,758.76,758.85,-79.89943057588815,-29.731901926848426,0,0,0,759.2897574376652,0.3279226499016908,758.85
1789568880,758.83,759.01,758.81,759,-81.09254253856946,-31.803727287060905,0,0,0,759.2451793703322,0.318785317765859,759
1789569000,758.98,759.14,758.88,759,-81.98737651058045,-33.25493147866068,0,0,0,759.2074594672041,0.3145863664968684,759
1789569120,759.001,759.22,758.8,759.165,-79.0050751362469,-33.564129692050074,0,0,0,759.2009272414804,0.32211591174709725,759.165
1789569240,759.18,759.25,759.06,759.13,-75.79501332722596,-33.74288890607767,0,0,0,759.1900153581757,0.3126790609080228,759.13
1789569360,759.14,759.37,758.92,759.341,-68.50807817723738,-32.878549536026426,0,0,0,759.2132437646103,0.3224876994145958,759.341
1789569480,759.35,759.5,759.29,759.4,-62.399240451109904,-31.54260068843874,0,0,0,759.2419754931318,0.3144528637421273,759.4
1789569600,759.36,759.71,759.33,759.6,-55.63579397469559,-29.282047060571884,0,0,0,759.2970561864961,0.3191348020462607,759.6
1789569720,759.605,759.84,759.51,759.82,-45.272300026475975,-25.777622536989078,0,0,0,759.3775090808813,0.31991088761438785,759.82
1789569840,759.81,759.95,759.725,759.83,-35.76935107027714,-22.294071208502128,0,0,0,759.447123068438,0.3131315384990761,759.83
1789569960,759.86,759.95,759.76,759.81,-29.10039206072757,-19.450840244821922,0,0,0,759.5029502886783,0.30433642860628884,759.81
1789570080,759.85,759.87,759.61,759.61,-28.885597611584636,-18.24040751470503,0,0,0,759.5194194750355,0.3011695408486962,759.61
1789570200,759.64,759.75,759.62,759.66,-27.532415975724394,-17.335206884547027,0,0,0,759.541047248107,0.2896574307880741,759.66
1789570320,759.68,759.88,759.59,759.78,-23.758394983402976,-15.989575575601013,0,0,0,759.5778092099367,0.2896819000174948,759.78
1789570440,759.8,759.81,759.68,759.78,-20.9654813086339,-14.720543486808825,0,0,0,759.6089154853311,0.27827605001624484,759.78
1789570560,759.78,759.88,759.75,759.81,-18.143363994081685,-13.490385255058436,0,0,0,759.6398515645109,0.2676849035865127,759.81
1789570680,759.83,760.25,759.74,760.19,-14.332355210325701,-10.9344481546111,0,0,0,759.7244897853553,0.284993124758904,760.19
1789570800,760.215,760.61,760.215,760.44,-13.87559664423043,-8.473055853730749,0,0,0,759.8345682799161,0.2946364729904079,760.44
1789570920,760.45,760.47,760.16,760.45,-13.281570793983565,-6.445531802888869,0,0,0,759.929250083006,0.29573386777681154,760.45
1789571040,760.46,760.6,760.37,760.43,-13.338965257652099,-4.864395489696921,0,0,0,760.0062885317743,0.2910385915070406,760.43
1789571160,760.43,761.01,760.27,760.76,-14.441922245922312,-3.658378829782781,0,0,0,760.1222441422706,0.32310726354225267,760.76
1789571280,760.72,761.03,760.65,760.91,-12.724153641193073,-2.747144859840449,0,0,0,760.243437351152,0.32717103043209145,760.91
1789571400,760.9,760.98,760.62,760.64,-19.69109729367494,-2.43521850218716,0,0,0,760.3044469894363,0.32951595682980017,760.64
1789571520,760.63,760.71,760.5,760.7,-23.032939067435528,-2.0677334177132494,0,0,0,760.3653012987538,0.3209791027705314,760.7
1789571640,760.7,760.78,760.48,760.53,-28.540107144178513,-2.362474521627127,0,0,0,760.390639560484,0.31948059542977586,760.53
1789571760,760.54,760.54,760.37,760.48,-33.09702348609555,-2.9199570869839544,0,0,0,760.4043873204096,0.3088034100419318,760.48
1789571880,760.47,760.64,760.37,760.61,-35.51500553958269,-3.3065057167990224,0,0,0,760.4360200403465,0.30603173789607824,760.61
1789572000,760.6,760.62,760.4,760.43,-39.9891953311581,-4.550980417055606,0,0,0,760.4350938802933,0.299886613760646,760.43
1789572120,760.42,760.55,760.42,760.45,-43.860317550999376,-5.731305305218542,0,0,0,760.4373871294789,0.28775185563488526,760.45
1789572240,760.465,760.8,760.45,760.8,-38.03212935236947,-5.06827232436554,0,0,0,760.4931737249436,0.2921981516609584,760.8
1789572360,760.81,760.83,760.52,760.55,-40.078361559198356,-5.171532420126112,0,0,0,760.5019162287984,0.29346971225660845,760.55
1789572480,760.56,760.57,760.3,760.35,-45.55877116939849,-6.412379428269473,0,0,0,760.478544501291,0.29179330423828603,760.35
1789572600,760.37,760.46,760.13,760.21,-51.41907837704849,-8.485337401271313,0,0,0,760.4372299626309,0.29452235393555426,760.21
1789572720,760.17,760.17,760.02,760.03,-58.06430878278688,-11.498890317770305,0,0,0,760.3745791991493,0.28705647151159003,760.03
1789572840,760.07,760.26,760.04,760.25,-59.42095885981615,-13.161775075612447,0,0,0,760.355413168511,0.28298100926076347,760.25
1789572960,760.26,760.36,760.18,760.23,-61.75599398629884,-14.373509144480987,0,0,0,760.3361188348939,0.2756252228849992,760.23
1789573080,760.255,760.56,760.24,760.39,-59.6510335446922,-14.29600638967361,0,0,0,760.3444082449103,0.2795091355360655,760.39
1789573200,760.4,760.56,760.39,760.395,-62.19462079308214,-14.133357202837889,0,0,0,760.3521915918471,0.2716870544263436,760.395
1789573320,760.42,760.54,760.34,760.49,-60.17224129930343,-13.430471510298199,0,0,0,760.3733928854091,0.2665665505387428,760.49
1789573440,760.5,760.61,760.47,760.57,-53.327200776456465,-12.2488150367306,0,0,0,760.4036401338077,0.2575260826431173,760.57
1789573560,760.59,761.67,760.53,761.2,-45.1226733096142,-10.598485283861521,0,0,0,760.5261570362989,0.32055993388289367,761.2
1789573680,761.19,761.21,760.93,761.01,-43.00994579602074,-9.926404709142327,0,0,0,760.6005944153299,0.31766279574840744,761.01
1789573800,761.07,761.1,760.8,760.83,-45.98596788585353,-10.40935823243514,0,0,0,760.6358875822021,0.31640116748066893,760.83
1789573920,760.829,761.04,760.68,760.89,-46.82318945675923,-10.801334087082259,0,0,0,760.6749818003249,0.3195153698034793,760.89
1789574040,760.9,760.965,760.65,760.82,-49.07836646415222,-11.399135823716682,0,0,0,760.6972922925826,0.31919284338894893,760.82
1789574160,760.84,760.85,760.66,760.75,-52.397010048913316,-12.266685189517874,0,0,0,760.7054011706468,0.309964783146885,760.75
1789574280,760.78,760.86,760.65,760.68,-57.097757536685236,-13.36926179763896,0,0,0,760.7014932982396,0.3028244414935387,760.68
1789574400,760.7,760.74,760.5,760.52,-62.368772697968396,-15.176985864867621,0,0,0,760.6735712523566,0.29833698138685805,760.52
1789574520,760.53,760.58,760.35,760.37,-67.95839770529417,-17.572483194401688,0,0,0,760.6268679827633,0.2934557684306552,760.37
1789574640,760.375,760.43,760.33,760.37,-72.15061646078851,-19.855549184993414,0,0,0,760.587349831569,0.27963749925703046,760.37
1789574760,760.37,760.45,760.32,760.33,-75.73114416377251,-21.92295163245583,0,0,0,760.5477575497891,0.2689491064529565,760.33
1789574880,760.33,760.51,760.29,760.48,-74.9051763046472,-22.910803782718745,0,0,0,760.53733331136,0.2654527417063187,760.48
1789575000,760.49,760.52,760.295,760.32,-77.90615495575733,-24.29007250413633,0,0,0,760.5038974173046,0.262563260155869,760.32
1789575120,760.3,760.37,760.17,760.37,-78.79748091026443,-25.334636588405722,0,0,0,760.4832978146424,0.25809445585902446,760.37
1789575240,760.33,760.46,760.27,760.46,-77.02653604057002,-25.794502256234843,0,0,0,760.4797135354667,0.2532305661548123,760.46
1789575360,760.47,760.47,760.29,760.43,-79.64990203042763,-26.347976098722956,0,0,0,760.472065299241,0.2479998114294731,760.43
1789575480,760.45,760.45,760.32,760.34,-82.69742652281985,-27.30183618141414,0,0,0,760.4517475608963,0.2395712534702247,760.34
1789575600,760.32,760.32,760.03,760.06,-86.69380159943226,-29.41395677818844,0,0,0,760.3914787053737,0.24460187822235574,760.06
1789575720,760.06,760.09,759.94,760.07,-87.14003365360955,-31.435369326651852,0,0,0,760.3420204430086,0.23784460120647158,760.07
1789575840,760.06,760.1,759.95,760.06,-87.73408281981135,-33.161964537595594,0,0,0,760.2986326825456,0.23156998683457913,760.06
1789575960,760.06,760.1,759.95,759.95,-90.69651587208403,-35.43405860855019,0,0,0,760.244996885231,0.22574355920353614,759.95
1789576080,759.95,760.19,759.89,760.14,-84.51065797177357,-36.40364567326557,0,0,0,760.2288435182724,0.23104759068900274,760.14
1789576200,760.135,760.21,759.95,759.96,-85.89461643409244,-38.11176625021338,0,0,0,760.1874829769997,0.23311561992550192,759.96
1789576320,759.94,759.96,759.68,759.71,-88.40331035659769,-40.96914488790855,0,0,0,760.1140240574613,0.23646450421654366,759.71
1789576440,759.71,759.84,759.68,759.8,-86.28174132418671,-43.08880701430718,0,0,0,760.0657126640057,0.23100275391536781,759.8
1789576560,759.81,759.89,759.76,759.84,-82.32170185063893,-44.40765123171598,0,0,0,760.030987638774,0.22378827149284122,759.84
1789576680,759.841,759.94,759.83,759.9,-76.49793296249504,-44.95064722839733,0,0,0,760.0108356943473,0.2156605378147821,759.9
1789576800,759.87,759.97,759.84,759.88,-72.00446997575145,-45.32640203050499,0,0,0,759.9907071259862,0.20954192797086876,759.88
1789576920,759.89,759.95,759.83,759.95,-66.60335248181222,-45.251130673342615,0,0,0,759.984444491219,0.2031460759729499,759.95
1789577040,759.95,760.09,759.93,760.08,-59.38108578992897,-44.31773253805447,0,0,0,759.9991453387238,0.20006421340345934,760.08
1789577160,760.07,760.17,760.035,760.16,-52.250100056732435,-42.88041340268424,0,0,0,760.0238922096894,0.1954167695889259,760.16
1789577280,760.14,760.19,760.1,760.1,-49.09770888575959,-41.92490055315758,0,0,0,760.0356011005064,0.18788700033257633,760.1
1789577400,760.08,760.14,759.84,759.86,-56.19578996996529,-42.715299621818836,0,0,0,760.0085855465824,0.19589507173738907,759.86
1789577520,759.84,759.845,759.74,759.84,-62.42616737198672,-43.93143978698979,0,0,0,759.9826493086466,0.19047399518471875,759.84
1789577640,759.82,760,759.81,759.97,-61.927419494436535,-44.23210816512405,0,0,0,759.9807032611625,0.19044013838581414,759.97
1789577760,759.97,760,759.85,759.91,-64.33119485794695,-44.63513315675505,0,0,0,759.9698258363683,0.1875515570725401,759.91
1789577880,759.91,759.93,759.775,759.775,-71.02761692268064,-45.80850298733698,0,0,0,759.9398526307732,0.185226445853071,759.775
1789578000,759.78,759.79,759.42,759.44,-77.87071269200861,-48.04754355226728,0,0,0,759.8629522260388,0.19842455686356625,759.44
1789578120,759.43,759.48,759.27,759.31,-82.37794535408463,-50.381787050674156,0,0,0,759.7778826528021,0.19925137423045697,759.31
1789578240,759.285,759.48,759.285,759.43,-81.55139568058358,-51.80305840906696,0,0,0,759.7243622446787,0.19894770464257075,759.43
1789578360,759.4,759.5,759.4,759.47,-78.46615687463044,-52.53854114968206,0,0,0,759.6852295916511,0.1918800114538173,759.47
1789578480,759.49,759.58,759.44,759.57,-72.07800264781554,-52.44398537798142,0,0,0,759.6675019621664,0.18817429634997224,759.57
1789578600,759.57,759.63,759.47,759.48,-70.95368958781987,-52.65625405826022,0,0,0,759.6386555064485,0.18616184661068624,759.48
1789578720,759.49,759.6,759.44,759.59,-64.95439762564702,-52.341251016390004,0,0,0,759.6311700439179,0.18429314328134924,759.59
1789578840,759.6,759.8,759.59,759.69,-58.498406914886665,-51.41677698225354,0,0,0,759.6402208063921,0.18612934733267592,759.69
1789578960,759.71,759.83,759.7,759.75,-52.4825008383393,-50.17804112555859,0,0,0,759.6571099131011,0.18283439395176954,759.75
1789579080,759.73,759.84,759.72,759.76,-47.774919107015926,-49.020777076679586,1,0,0,759.6729391572394,0.17834622295521488,759.76
1789579200,759.75,759.92,759.75,759.84,-42.679015417218366,-47.65182998177843,0,0,0,759.6986408253564,0.1777500641726966,759.84
1789579320,759.85,759.89,759.575,759.58,-48.807034507026415,-48.02121701514369,0,1,0,759.6803883906862,0.18755363101749975,759.58
1789579440,759.56,759.84,759.54,759.821,-44.189756450842744,-47.59553385601299,1,0,0,759.7020209459653,0.19558551451625464,759.821
1789579560,759.79,759.89,759.735,759.89,-39.01188255552423,-46.67292364814935,0,0,0,759.7309408004321,0.19268654919366307,759.89
1789579680,759.87,759.94,759.83,759.93,-34.345868438383945,-48.32424828216402,0,0,0,759.7615652926734,0.18678036710840237,759.93
1789579800,759.94,760.06,759.66,759.7,-38.96859673108395,-51.947244200061334,0,0,0,759.7520937091851,0.20201034088637201,759.7
1789579920,759.72,759.79,759.67,759.77,-37.38847286476644,-54.859934792679695,0,0,0,759.7548485231566,0.1961524593944886,759.77
1789580040,759.751,759.84,759.74,759.83,-33.43882300299967,-56.667746428629336,0,0,0,759.7664102888249,0.1892844265805982,759.83
1789580160,759.83,759.89,759.811,759.84,-30.091775480096114,-57.65902819592782,0,0,0,759.7777317828518,0.1814069675391234,759.84
1789580280,759.81,759.83,759.63,759.63,-37.204940393840204,-59.876511637398806,0,0,0,759.7550038162592,0.18344932700061717,759.63
1789580400,759.63,759.64,759.45,759.53,-46.9796546624687,-62.938234933907616,0,0,0,759.7203878445271,0.18391723221485456,759.53
1789580520,759.51,759.55,759.33,759.33,-58.86765238925518,-67.41034737245259,0,0,0,759.6603281761383,0.1864945727709302,759.33
1789580640,759.325,759.53,759.315,759.53,-60.85611563602789,-70.00754527365585,0,0,0,759.6402776875016,0.1885306747158579,759.53
1789580760,759.54,759.77,759.54,759.72,-55.78578984585209,-70.16757796432688,0,0,0,759.6525426586552,0.19220705509329727,759.72
1789580880,759.715,759.72,759.53,759.55,-58.5647009842083,-71.13930734319646,0,0,0,759.6367668650159,0.1920494083009228,759.55
1789581000,759.57,759.68,759.5,759.68,-55.615853676045745,-70.9410048115372,0,0,0,759.643418116552,0.19118873627942473,759.68
1789581120,759.66,759.82,759.63,759.82,-47.98403132822623,-69.10646929285294,0,0,0,759.6705845601593,0.191103826545184,759.82
1789581240,759.84,759.86,759.67,759.69,-46.9569786097699,-68.39084340870609,0,0,0,759.6735715509041,0.19102498179196048,759.69
1789581360,759.68,759.94,759.67,759.93,-38.35867355464321,-65.74999921656183,0,0,0,759.7130220815342,0.19666605452111297,759.93
1789581480,759.92,760.27,759.92,760.27,-28.769005165982406,-60.80068027893802,0,0,0,759.7987109920674,0.20761847919817794,760.27
1789581600,760.3,760.86,758.8,758.9,-45.70296746671964,-65.61204919485947,0,0,0,759.6604477625186,0.3399314449697409,758.9
1789581720,758.94,760.06,758.78,759.64,-49.150165160479375,-67.28803877035922,0,0,0,759.6573019529004,0.40707919890047173,759.64
1789581840,759.64,760.57,759.45,760.465,-41.678042826403185,-62.629817998433126,0,0,0,759.7815631909158,0.4580021132647241,760.465
1789581960,760.49,760.85,760.16,760.81,-31.868078823099914,-54.84605394306406,0,0,0,759.9397842384672,0.47457339088867634,760.81
1789582080,760.8,761.22,760.65,760.67,-29.61680853184544,-49.085619370962064,0,0,0,760.0521251248568,0.48138957725377446,760.67
1789582200,760.69,760.83,760.11,760.21,-32.708800778274885,-47.38166906370138,0,0,0,760.0764135671866,0.49843317887850686,760.21
1789582320,760.21,760.37,759.84,760.29,-34.19641323007666,-46.720493127550974,0,0,0,760.1092730183886,0.5006879518157544,760.29
1789582440,760.32,760.53,759.849,759.88,-39.5729539506606,-48.8380632032981,0,0,0,760.0740002463289,0.5135673838289095,759.88
1789582560,759.85,760.1,759.73,759.91,-43.214534511369095,-51.10878336155423,0,0,0,760.0487694392014,0.5033125706982735,759.91
1789582680,759.9,760.31,759.67,759.96,-47.83306705979083,-52.730455194403085,0,0,0,760.0351126024011,0.5130759585055388,759.96
1789582800,759.94,760.15,759.619,759.98,-51.47604081319351,-53.79221632039468,0,0,0,760.0266337404933,0.514356247183711,759.98
1789582920,759.95,760.28,759.83,760.06,-53.1810668216155,-54.047891480163074,0,0,0,760.0317670111866,0.5097593723848696,760.06
1789583040,760.12,760.15,759.56,759.58,-58.984160771948964,-57.05419408777899,0,1,0,759.962264394081,0.5154908457859526,759.58
1789583160,759.661,759.681,758.87,759.05,-67.24631730027338,-63.61168148361735,0,0,0,759.8219160257609,0.53659864251553,759.05
1789583280,758.97,759.78,758.79,759.69,-65.10871999529923,-66.06542066026653,1,0,0,759.8016212525669,0.5689844537644214,759.69
1789583400,759.65,759.88,758.66,758.82,-72.70653999647386,-71.75923831030241,0,1,0,759.6506025983258,0.6154855642098218,758.82
1789583520,758.84,758.87,757.68,757.85,-78.66549821769402,-77.58784437044872,0,0,0,759.373586813968,0.65652230962341,757.85
1789583640,757.83,758.15,756.77,756.95,-83.27103377562982,-82.65856502641279,0,0,0,759.0007273041268,0.7081992875074519,756.95
1789583760,756.96,757.14,756.06,756.32,-86.40260666661013,-86.60188326647742,1,0,0,758.5883077188765,0.7347564812569225,756.32
1789583880,756.41,758.03,756.38,757.915,-78.71805444265794,-84.77648539086351,0,0,0,758.4847219159725,0.8044167325957082,757.915
1789584000,757.87,759,757.83,758.98,-66.85249432036545,-78.46039386992356,0,0,0,758.5609185442844,0.8305298231245832,758.98
1789584120,759.05,760.21,759.05,759.88,-54.81378934492529,-69.32439211089165,0,0,0,758.763854152856,0.8590634071871143,759.88
1789584240,759.88,759.97,758.795,759.13,-49.8548174830155,-63.25991299332911,0,0,0,758.8201842831858,0.8816303066737537,759.13
1789584360,759.085,759.18,758.04,758.04,-52.05073790383756,-62.24748158555821,0,0,0,758.7001559319264,0.9000852847684847,758.04
1789584480,758.08,758.17,757.46,757.54,-56.41104946590099,-64.28604476861186,0,0,0,758.5216704039377,0.8865077644278732,757.54
1789584600,757.589,757.83,756.74,757.24,-60.78574469134796,-67.69359329899832,0,0,0,758.3244903417934,0.9010429241115988,757.24
1789584720,757.22,757.22,755.54,755.54,-70.58930851851096,-73.92988154842855,0,0,0,757.8961072122868,0.9581112866750593,755.54
1789584840,755.535,755.74,755.03,755.25,-76.84376149359512,-79.83397335271468,0,0,0,757.4890137950119,0.9403890519125576,755.25
1789584960,755.25,755.25,753.91,754.26,-81.13134860710724,-84.64442555398495,0,0,0,756.9922424419332,0.9689326910616629,754.26
1789585080,754.28,754.75,753.75,753.84,-85.47183542417207,-88.40630101197169,0,0,0,756.5072820662512,0.9711517845572584,753.84
1789585200,753.92,755.18,753.75,754.36,-86.32333474412451,-90.80446072281335,0,0,0,756.1769309791356,1.0039266570888792,754.36
1789585320,754.39,755.15,754.12,755.09,-82.30531139732003,-90.92167493351948,0,0,0,756.0097108284994,1.0057890387253858,755.09
1789585440,755.075,755.36,753.94,754.44,-82.19961362078693,-91.90108075755285,0,0,0,755.768216854884,1.035375535959284,754.44
1789585560,754.44,754.75,753.74,753.99,-84.86081492310603,-93.49575208730238,0,0,0,755.4946450310557,1.0335629976764773,753.99
1789585680,754.02,754.17,752.99,753.24,-86.84118112659178,-94.9784612385227,0,0,0,755.1477765647395,1.0440227835567253,753.24
1789585800,753.2,753.33,751.84,751.86,-90.0878750922557,-96.18606165324066,0,0,0,754.6419647855488,1.0758782990169597,751.86
1789585920,751.88,752.17,751.25,751.4,-91.76923887352106,-97.1236181480467,0,0,-1,754.1432009723875,1.0647441348014597,751.4
1789586040,751.39,752.12,751.14,751.52,-91.7092610950107,-97.83740424707376,0,0,-1,753.7396315920201,1.0586909823156423,751.52
1789586160,751.51,751.65,751.06,751.11,-93.57745532647291,-98.37628339731823,0,0,-1,753.3350728855555,1.0252130550073844,751.11
1789586280,751.22,751.4,750.5,750.94,-92.88594442430193,-98.78162261865964,0,0,-1,752.9666001339316,1.0162692653639982,750.94
1789586400,750.95,751.33,750.37,750.63,-92.5777561223227,-99.08602032088505,0,0,-1,752.6071231902498,1.0122500321237153,750.63
1789586520,750.62,750.825,750.19,750.25,-93.73869549963489,-99.31444969296057,0,0,-1,752.2444888532883,0.9853036012577351,750.25
1789586640,750.25,750.87,749.8,749.8,-95.30402162472616,-99.48581542048602,0,0,-1,751.8684136450901,0.9913533440250433,749.8
1789586760,749.76,750.47,749.6,750.33,-88.10640870288695,-99.61435428228637,0,0,-1,751.6317346227685,0.9826852480232547,750.33
1789586880,750.3,751.31,750.06,751.24,-80.6352324314826,-98.80969218317149,0,0,-1,751.5714677577272,1.0017791588787366,751.24
1789587000,751.23,751.85,751.12,751.62,-74.05844133454761,-97.38714819240754,0,0,-1,751.5789342565384,0.9823663618159709,751.62
1789587120,751.655,752.31,751.58,752.09,-67.66194123713116,-95.33312091349929,0,0,-1,751.6575597555326,0.9643401931148233,752.09
1789587240,752.05,752.635,752.02,752.33,-60.74319859885807,-92.95750060112552,0,0,-1,751.7610121008353,0.939387322178051,752.33
1789587360,752.32,752.35,751.47,752.165,-55.541773949143725,-91.07729377908495,0,0,-1,751.8231640853221,0.9351453705939042,752.165
1789587480,752.12,752.56,751.92,752.43,-50.812580461858005,-89.20205590907983,0,0,-1,751.916523456811,0.9140635584086244,752.43
1789587600,752.42,752.8,752.025,752.025,-49.53307713084589,-88.2148164533273,0,0,-1,751.9332121557632,0.9041304470937211,752.025
1789587720,752,752.38,751.78,752.25,-47.3955151442848,-87.28560604661115,0,0,-1,751.9819487471842,0.8824068437298855,752.25
1789587840,752.27,752.915,752.02,752.91,-43.20288635821375,-85.46516056377222,0,0,-1,752.124725863002,0.8833063548920352,752.91
1789587960,752.9,753.31,752.78,753.26,-37.60993175895163,-82.8403359388063,0,0,-1,752.2993834225401,0.8580701866854594,753.26
1789588080,753.23,753.64,753.12,753.47,-30.964560416587673,-79.84758019475063,0,0,-1,752.4794782806109,0.8339223162079252,753.47
1789588200,753.49,754.07,753.36,753.59,-25.156306218481085,-76.85224396027236,0,0,-1,752.6503277759016,0.8250707221930761,753.59
1789588320,753.565,753.98,753.46,753.74,-20.196088724263653,-74.12382227887844,0,0,0,752.8179696565321,0.8032799563221408,753.74
1789588440,753.73,754.22,753.56,754.09,-15.653560049691228,-71.35288984491781,0,0,0,753.0136666324503,0.793045673727708,754.09
1789588560,754.125,754.37,753.89,753.98,-13.893277358121914,-69.22489307936577,0,0,0,753.162333304381,0.7706852684614444,753.98
1789588680,753.99,754.34,753.81,754.095,-11.861362219757176,-67.28865587584605,0,0,0,753.3058204883224,0.7534934635713474,754.095
1789651800,763.1,763.39,762.11,762.11,-11.706693323476346,-57.77777315908138,0,0,0,754.6603096439651,1.3636010733162482,762.11
1789651920,762.15,762.37,761.91,761.97,-12.639198856505422,-48.01503157603988,0,0,0,755.7848773910474,1.2990581395079472,761.97
1789652040,761.97,762,761.19,761.29,-19.170767816358698,-40.50365929111972,0,0,0,756.6318193308863,1.2641254152573755,761.29
1789652160,761.34,761.55,761.09,761.21,-24.22361610882444,-34.77805608731583,0,0,0,757.3361548184422,1.206687885596129,761.21
1789652280,761.2,761.28,761.01,761.13,-28.219475022353492,-30.442001259202243,0,0,0,757.9198233079127,1.139781608053547,761.13
1789652400,761.12,761.24,760.74,760.85,-31.890767635958227,-27.433566606823298,0,1,0,758.3706197220799,1.094082921764008,760.85
1789652520,760.85,761.1,760.71,761,-34.22223396315459,-24.982278629494417,0,0,0,758.7751397648369,1.0437912844951494,761
1789652640,761.035,761.19,760.52,760.85,-36.50224594216456,-23.167607490448898,0,0,0,759.0943490317851,1.0170919070312154,760.85
1789652760,760.8,761.48,760.73,761.255,-35.623104271593824,-21.22837013257798,0,0,0,759.4267568730489,0.998013913671843,761.255
1789652880,761.25,761.4,760.79,761.33,-34.64458626807463,-19.41374532698961,0,0,0,759.7195635079645,0.9702986341238552,761.33
1789653000,761.4,761.62,761.05,761.3,-32.41653283060552,-17.89210411346921,0,0,0,759.9627075836622,0.9417058745435833,761.3
1789653120,761.28,761.87,761,761.17,-31.970536957126107,-16.784998112813646,0,0,0,760.1484448784834,0.9365840263618992,761.17
1789653240,761.17,761.42,760.97,761,-34.297775480989245,-16.115034602497424,0,0,0,760.2794533587166,0.9018280244789015,761
1789653360,761.09,761.16,760.79,760.92,-36.913718038640184,-15.72761916678188,0,0,0,760.3779989958372,0.8638403084446946,760.92
1789653480,760.94,761.25,760.87,761.25,-35.34788902681837,-15.01685840531526,0,0,0,760.5121529964777,0.8292802864129304,761.25
1789653600,761.25,761.25,760.38,760.63,-38.46405734837898,-15.07856762152019,0,0,0,760.5302833047118,0.8321888373834357,760.63
1789653720,760.62,760.63,760.29,760.63,-40.8510641593205,-15.29099565595251,0,0,0,760.5456243347561,0.7970324918560497,760.63
1789653840,760.63,760.69,760.32,760.45,-43.021817956723204,-15.693722464435723,0,0,0,760.5309128986398,0.7665301710091894,760.45
1789653960,760.45,760.63,760.11,760.11,-45.429202715976565,-16.47830180175875,0,0,0,760.4661570680798,0.7489208730799604,760.11
1789654080,760.11,760.38,759.97,760.25,-46.29497497594522,-16.980286720826808,0,0,0,760.4329021345291,0.7247122392885323,760.25
1789654200,760.23,760.47,760.1,760.43,-57.30017860038035,-18.041540510361145,0,0,0,760.4324556522938,0.6993756507679232,760.43
1789654320,760.37,760.82,760.29,760.81,-59.379552851171596,-18.182629102271513,0,0,0,760.4905393980947,0.6872773899987921,760.81
1789654440,760.81,761.23,760.81,761.08,-55.30032937017931,-17.439293700147836,0,0,0,760.5812256445416,0.6681861478560264,761.08
1789654560,761.11,761.43,761.11,761.23,-48.26965492237121,-16.20826175144881,0,0,0,760.681037083843,0.6454585658663037,761.23
1789654680,761.23,761.48,761.19,761.48,-39.896978033883585,-14.539596982404355,0,0,0,760.8039544555594,0.6200686683044222,761.48
1789654800,761.475,761.72,761.28,761.65,-32.00694405172876,-12.677911399134835,0,0,0,760.9341153085503,0.607206620568396,761.65
1789654920,761.68,762.03,761.66,761.97,-24.5294798834563,-10.559882142169139,0,0,0,761.093482184158,0.5909775762420816,761.97
1789655040,761.97,762.09,761.75,761.89,-20.641026284561725,-8.902337950745332,0,0,0,761.2160233865952,0.5730506065105067,761.89
1789655160,761.925,762.26,761.9,762.26,-15.480769713421296,-7.053927776555279,0,0,0,761.3766351732729,0.5585469917597565,762.26
1789655280,762.24,762.27,761.66,761.68,-18.990510395434278,-6.503241329177142,0,0,0,761.423306685077,0.5622222066340606,761.68
1789655400,761.68,761.97,761.62,761.73,-22.095340263494162,-6.258482467673786,0,0,0,761.4704902719883,0.5470634775887723,761.73
1789655520,761.75,761.89,761.55,761.67,-26.688353023708213,-6.221374919206096,0,0,0,761.5011840762978,0.5322732291895765,761.67
1789655640,761.68,762.06,761.67,761.88,-27.618438680824262,-5.844610208526819,0,0,0,761.559463449175,0.5221108556760343,761.88
1789655760,761.9,762.005,761.74,761.919,-27.55578553235721,-5.359020065942061,0,0,0,761.6147767646866,0.5037457945563166,761.919
1789655880,761.93,762.01,761.665,761.67,-32.362491323181224,-5.361669246529922,0,0,0,761.6232726470424,0.4924068092308674,761.67
1789656000,761.66,762.17,761.63,762.17,-26.221143854705176,-4.568171677233889,0,0,0,761.7073845474974,0.4958063228572314,762.17
1789656120,762.16,762.22,762,762,-24.92890136928932,-4.002333312835992,0,0,0,761.7524023094209,0.476105871224574,762
1789656240,762.01,762.08,761.69,761.71,-29.51928472261774,-4.054136234291655,0,0,0,761.7458788772022,0.46995545185138915,761.71
1789656360,761.69,761.79,761.1,761.17,-37.74815919413757,-4.872821533562089,0,0,0,761.6572821268634,0.4856729195762857,761.17
1789656480,761.23,761.39,761.06,761.26,-42.585467221689996,-5.7316580379330215,0,0,0,761.5961617996536,0.47455342532083966,761.26
1789656600,761.25,761.28,761.04,761.16,-48.14647368815719,-6.719209114539517,0,0,0,761.5290599843223,0.45779960922649465,761.16
1789656720,761.16,761.17,760.82,760.82,-56.29167344793533,-8.332820260066145,0,0,0,761.4199738328881,0.4500996371388814,760.82
1789656840,760.83,760.83,760.48,760.5,-67.01763776751592,-10.733211539026279,0,0,0,761.2784393970592,0.44294966305753436,760.5
1789656960,760.53,760.99,760.44,760.81,-70.20949753977507,-12.197836424011696,0,0,0,761.2063717975116,0.45059611569627867,760.81
1789657080,760.85,761.1,760.65,760.785,-72.83906583055905,-13.32270885827385,0,0,0,761.1415453671252,0.4505535360036906,760.785
1789657200,760.8,760.91,760.62,760.65,-76.5909372427023,-14.431699271025225,0,0,0,761.0659230029521,0.43908542628913866,760.65
1789657320,760.69,761,760.61,760.85,-75.69965830430627,-15.010108470019906,0,0,0,761.032704079421,0.43557932441134206,760.85
1789657440,760.83,760.85,760.4,760.43,-81.42396276123029,-16.30148428928521,0,0,0,760.9399803748947,0.436609372667678,760.43
1789657560,760.4,760.8,760.36,760.75,-79.56188617767924,-16.913281795930853,0,0,0,760.910752624911,0.4368515603342682,760.75
1789657680,760.75,760.87,760.67,760.79,-74.78013846748897,-17.217972978439292,0,0,0,760.8921752980016,0.4199335917389666,760.79
1789657800,760.74,761.055,760.65,761.01,-67.79478126997182,-16.960376186934685,0,0,0,760.9103021752321,0.41886690661475273,761.01
1789657920,761.03,761.18,760.87,761.15,-61.200924662156694,-16.296239883053193,0,0,0,760.9471787636579,0.4110906989994093,761.15
1789658040,761.159,761.24,760.93,761.02,-58.7107124452523,-15.920179065004922,0,0,0,760.9583820307874,0.40386993478517,761.02
1789658160,761.02,761.42,760.965,761.42,-51.7749698178108,-14.83853008115832,0,0,0,761.029400179897,0.4075220823005098,761.42
1789658280,761.39,761.49,761.31,761.44,-46.379614460131975,-14.811106018955906,0,0,0,761.0925693829898,0.3912705049933351,761.44
1789658400,761.45,761.45,761.17,761.21,-46.09200348707999,-15.215479853726945,0,0,0,761.1106356317606,0.38332261177953164,761.21
1789658520,761.21,761.35,761.1,761.19,-47.03599683133771,-15.64385019386718,0,0,0,761.1228455345666,0.3737995680809937,761.19
1789658640,761.18,761.67,761.07,761.67,-39.567695297922675,-14.399216848375776,0,0,0,761.2070231446334,0.38995674178948764,761.67
1789658760,761.66,761.73,761.49,761.51,-33.20024699791731,-13.224800137515329,0,0,0,761.253634968536,0.379245545947382,761.51
1789658880,761.52,761.67,761.39,761.57,-27.002375029459458,-11.995914022389641,0,0,0,761.3023065118381,0.37215657837970995,761.57
1789659000,761.6,761.71,761.5,761.67,-21.04010243997858,-10.613900724864987,0,0,0,761.3588747407861,0.36057396563830474,761.67
1789659120,761.64,761.72,761.52,761.59,-18.421031941859383,-9.69036584451748,0,0,0,761.3944324729729,0.3491043966641434,761.59
1789659240,761.58,761.94,761.49,761.8,-16.025815793324476,-8.551548405544908,0,0,0,761.4568274771309,0.3563112254738507,761.8
1789659360,761.8,762.03,761.77,761.93,-13.317989368706908,-7.2139167150221315,0,0,0,761.5296232498799,0.3494318522257179,761.93
1789659480,761.915,762.03,761.86,762.03,-9.988492026530182,-5.728324162089352,0,0,0,761.6066042883599,0.3366152913524494,762.03
1789659600,762.05,762.35,762.01,762.28,-9.15750457572655,-4.402205330174599,0,0,1,761.7102036286122,0.33685705625584816,762.28
1789659720,762.31,762.51,762.28,762.29,-12.368128431795881,-3.3369747338334776,0,0,1,761.7994030703642,0.32922440938043174,762.29
1789659840,762.285,762.34,762.18,762.22,-18.70400330059082,-2.6442883586349986,0,0,1,761.8641102903082,0.3171369515675496,762.22
1789659960,762.23,762.39,762.205,762.28,-21.505308008724295,-2.030402038396212,0,0,1,761.9280933225684,0.30769859788414927,762.28
1789660080,762.27,762.405,762.22,762.33,-22.893163431458444,-1.5385301186038136,0,0,1,761.9899251190964,0.2989344123209919,762.33
1789660200,762.37,762.42,762.09,762.24,-26.78277579940009,-1.256679407115637,0,0,1,762.0283981776969,0.3011533828694873,762.24
1789660320,762.24,762.43,762.22,762.28,-29.374344722180112,-0.9816456685704732,0,0,1,762.0671061503589,0.2946424269502326,762.28
1789660440,762.27,762.44,762.27,762.32,-29.99419032784943,-0.7492796225057701,0,0,1,762.1060128964575,0.2857393964537926,762.32
1789660560,762.3,762.3,762.07,762.11,-34.15583692064421,-1.0869081967886978,0,0,1,762.1066262970025,0.28318658242137884,762.11
1789660680,762.09,762.56,762.09,762.54,-25.858488428737992,-0.9989645884751048,0,0,1,762.1732991743868,0.2965303979627028,762.54
1789660800,762.55,762.59,762.415,762.46,-22.98943801822592,-0.8104845883175225,0,0,1,762.2174069937118,0.287849655251086,762.46
1789660920,762.48,762.6,762.4,762.54,-18.683468376996135,-0.6282838235585397,0,0,1,762.2670366869869,0.2815746798760117,762.54
1789661040,762.58,762.58,762.19,762.19,-25.83613069451152,-1.0483660321033943,0,0,1,762.2551848889889,0.28931934559915273,762.19
1789661160,762.2,762.27,762.055,762.22,-32.02999058286687,-1.564414219629266,0,0,1,762.2497718291445,0.2840108209135012,762.22
1789661280,762.25,762.53,762.16,762.48,-27.804295870882278,-1.4268958613789253,0,0,1,762.2851915477377,0.2901529051339657,762.48
1789661400,762.48,762.5,762.255,762.26,-33.18643555962393,-1.6360535763496602,0,0,1,762.2813159250088,0.286927697624397,762.26
1789661520,762.23,762.31,762.15,762.18,-38.700637480529856,-2.2345980115021042,0,0,1,762.2657288596229,0.2778614335083664,762.18
1789661640,762.18,762.34,762.16,762.34,-37.476949462464134,-2.1594885019549537,0,0,1,762.2771551889117,0.2708713311149162,762.34
1789661760,762.31,762.38,762.25,762.355,-38.703843497449014,-2.0161457736164543,0,0,1,762.2891313136945,0.2608090931781361,762.355
1789661880,762.37,762.41,762.23,762.32,-42.83869343389471,-2.099905847135293,0,0,1,762.2938803423569,0.25503701509397997,762.32
1789662000,762.3,762.39,762.25,762.36,-46.451053973726005,-2.182924627826085,0,0,1,762.3040525973789,0.24682008544440898,762.36
1789662120,762.38,762.49,762.34,762.49,-40.807517264606226,-1.8380583401582333,0,0,1,762.3326598900899,0.239904365055521,762.49
1789662240,762.48,762.58,762.47,762.49,-36.574864732766386,-1.4454987115482314,0,0,1,762.3568660608453,0.23062548183727047,762.49
1789662360,762.5,762.6,762.46,762.6,-27.43114854957479,-1.1064423524710256,0,0,1,762.3942712822537,0.2241522331346073,762.6
1789662480,762.615,762.63,762.4,762.52,-27.30886865855826,-0.8372712039565533,0,0,1,762.413614161907,0.22456993076785095,762.52
1789662600,762.51,762.66,762.33,762.33,-37.29983331209805,-1.4680183970492888,0,0,1,762.4007504446906,0.23210064999871355,762.33
1789662720,762.33,762.375,761.985,762,-52.57487498407387,-3.8471952930605604,0,0,1,762.3390965301228,0.2433791749988045,762
1789662840,762.01,762.17,761.98,762.11,-59.78042094393746,-5.556194661401268,0,0,1,762.3038509101038,0.23956637678459994,762.11
1789662960,762.08,762.29,762.015,762.27,-59.264794317579245,-5.960530547799219,0,0,1,762.2986430777802,0.2420973498714126,762.27
1789663080,762.25,762.31,762.13,762.145,-63.50290723551143,-6.628275494787391,0,0,1,762.2750056811986,0.2376618248805938,762.145
1789663200,762.17,762.37,762.11,762.31,-60.57671251219679,-6.4379351956103115,0,0,1,762.2803894225527,0.23925740881769358,762.31
1789663320,762.32,762.58,762.32,762.58,-48.39242743227345,-5.317360921547657,0,0,1,762.3264833575446,0.24145330818786515,762.58
1789663440,762.58,762.65,762.51,762.52,-40.71828803352982,-4.15099053277405,0,0,1,762.3562551486916,0.2342066433173024,762.52
1789663560,762.53,762.67,762.46,762.59,-32.62567254688477,-3.167566180118307,0,0,1,762.3922158950468,0.23247759736606097,762.59
1789663680,762.61,762.62,762.41,762.44,-32.23494947742583,-2.579566891958408,0,0,1,762.3995672958088,0.2308720546970592,762.44
1789663800,762.455,762.53,762.41,762.43,-32.77974546904379,-2.2339454806268373,0,0,1,762.4042492502997,0.22295262221869816,762.43
1789663920,762.44,762.55,762.44,762.49,-30.86211935843315,-1.7752158810228051,0,0,1,762.4174416733305,0.21559886348879148,762.49
1789664040,762.51,762.53,761.84,761.93,-46.194782289910805,-3.6296761387299825,0,0,1,762.3424506466642,0.24948465895387356,761.93
1789664160,761.91,762.04,761.62,761.97,-51.616370373442614,-5.428173700357805,0,0,1,762.2851505471774,0.26166432617145113,761.97
1789664280,761.97,762.45,761.96,762.45,-43.32828086749301,-5.06457347946033,0,0,1,762.3105120014578,0.2779740171592053,762.45
1789664400,762.44,762.73,762.36,762.73,-32.49621065061976,-4.129577844325906,0,0,1,762.3750486166182,0.2845473016478338,762.73
1789664520,762.73,762.73,762.33,762.415,-31.708352290376297,-3.6900756884707597,0,0,1,762.3811949832923,0.2927939229587012,762.415
1789664640,762.44,762.67,762.4,762.63,-26.110214789976467,-2.9651875347618466,0,0,1,762.4194726781705,0.291165785604507,762.63
1789664760,762.65,762.8,762.6,762.77,-20.23989883870256,-2.2897675738743106,0,0,1,762.4733999584519,0.28465394377560876,762.77
1789664880,762.74,762.74,762.36,762.39,-24.16217332737722,-2.571300103824082,0,0,1,762.4605691956131,0.2936072335059201,762.39
1789665000,762.33,762.37,762.25,762.27,-29.73283017876654,-3.5543873133439567,0,0,1,762.4312508578264,0.2826352882554963,762.27
1789665120,762.26,762.39,762.19,762.33,-33.651317549327764,-4.304316076788966,0,0,1,762.4156738027762,0.27673276766581306,762.33
1789665240,762.335,762.43,762.2,762.275,-40.18092500241801,-5.463537474312593,0,0,1,762.3940316792721,0.27339471283253386,762.275
1789665360,762.27,762.31,762.2,762.23,-45.830609006050196,-6.7567907199978485,0,0,1,762.3687960363071,0.26172366191591717,762.23
1789665480,762.23,762.27,762.115,762.181,-50.81532963589268,-8.265120554232812,0,0,1,762.3399043384137,0.2541005432076354,762.181
1789665600,762.18,762.23,761.96,761.96,-57.9250565489527,-10.818778237291605,0,0,1,762.2814575171193,0.25523621869280305,761.96
1789665720,762.06,762.2,762.045,762.08,-60.389806222134155,-12.465079074024594,0,0,1,762.2504640529471,0.2541479173576035,762.08
1789665840,762.09,762.2,761.88,762.04,-62.5832494241897,-14.117281875644405,0,0,1,762.2180849678783,0.2588516375463497,762.04
1789665960,762.01,762.1,761.8,762.08,-62.65021764532872,-15.229974603798166,0,0,1,762.1968411266663,0.2617908062930439,762.08
1789666080,762.09,762.1,761.93,762.03,-64.40910162153807,-19.88712983597835,0,0,1,762.1711732610253,0.2552343201292603,762.03
1789666200,762.06,762.12,761.91,762.02,-65.87179796756703,-22.901468785096313,0,0,1,762.1479158362522,0.2520032972628871,762.02
1789666320,761.99,762.2,761.98,762.16,-60.981375154898494,-23.843856028467513,0,0,0,762.1497749383673,0.24971734745839713,762.16
1789666440,762.17,762.38,762.155,762.32,-53.05806526447781,-22.743562777427627,0,0,0,762.1759634093877,0.2479518226399418,762.32
1789666560,762.31,762.34,762.17,762.175,-52.1468916978897,-22.61293892377558,0,0,0,762.1758151925588,0.2423838353085226,762.175
1789666680,762.19,762.3,762.18,762.22,-54.31950210674776,-22.50326767427072,0,0,0,762.1826128552422,0.23399927564362813,762.22
1789666800,762.25,762.47,762.25,762.43,-47.399626580060904,-20.622375017570675,0,0,0,762.2206724159741,0.23514218452622612,762.43
1789666920,762.42,762.43,762.33,762.36,-45.15347066305706,-19.18465765601088,0,0,0,762.2421074289012,0.2254891713457749,762.36
1789667040,762.36,762.47,762.36,762.47,-39.805102997291485,-17.150300790125854,0,0,0,762.2771678244549,0.21723994482107764,762.47
1789667160,762.47,762.62,762.465,762.5,-35.25382724796779,-15.035970144272778,0,0,0,762.3114496976157,0.212794234476713,762.5
1789667280,762.5,762.529,762.435,762.47,-31.61058320193264,-13.420991229888228,0,0,0,762.3358420518286,0.20430893201409428,762.47
1789667400,762.43,762.45,762.29,762.41,-28.317693499010975,-12.540899336157512,0,0,0,762.3472509669319,0.20257257972737783,762.41
1789667520,762.4,762.41,762.29,762.35,-28.746424693753934,-12.506934858962538,0,0,0,762.3476738950962,0.19667453831827975,762.35
1789667640,762.35,762.47,762.33,762.45,-25.291525837387496,-11.79638144910851,0,0,0,762.3634163727737,0.1926263570098302,762.45
1789667760,762.45,762.62,762.41,762.54,-20.724741939017022,-10.230334934870886,0,0,0,762.3905830846546,0.19386733150913063,762.54
1789667880,762.54,762.63,762.5,762.62,-15.760423924142076,-8.133767483833,0,0,0,762.4258779947078,0.1893053792584781,762.62
1789668000,762.62,762.64,762.53,762.64,-11.820317943106557,-6.253997707101361,0,0,0,762.4588198416758,0.1836407093114449,762.64
1789668120,762.64,762.78,762.56,762.78,-8.865238457329918,-4.7417223117348914,0,0,1,762.5082321737257,0.1862378015034865,762.78
1789668240,762.78,762.85,762.73,762.8,-8.5184173791552,-3.5733664109374588,0,0,1,762.553119531614,0.18150652996752353,762.8
1789668360,762.8,762.81,762.53,762.53,-18.353539665761623,-3.949249716214948,0,0,1,762.5495626805965,0.1885417778269842,762.53
1789668480,762.54,762.565,762.42,762.52,-27.084303685491847,-4.8895155181971495,0,0,1,762.5450145758894,0.1854316508393493,762.52
1789668600,762.52,762.64,762.46,762.51,-33.82386606199145,-6.009243831746451,0,0,1,762.5396277180603,0.1850436757793922,762.51
1789668720,762.505,762.69,762.505,762.64,-34.38412672702232,-5.761653268691477,0,0,1,762.5550696075894,0.18504055608086842,762.64
1789668840,762.65,762.89,762.65,762.89,-25.78809504526674,-4.739480083145821,0,0,1,762.606597360268,0.18968051636080638,762.89
1789668960,762.89,762.95,762.73,762.74,-29.397632369923347,-4.162763932908606,0,0,1,762.6271208433037,0.19184619376360787,762.74
1789669080,762.73,762.88,762.61,762.85,-26.89925559906248,-3.324790906531202,0,0,1,762.661409944334,0.19742860849477742,762.85
1789669200,762.86,762.92,762.72,762.74,-31.380324052239043,-3.071278815694677,0,0,1,762.6735007221288,0.19761227931657416,762.74
1789669320,762.71,762.77,762.64,762.7,-37.35342485736025,-3.419894955035181,0,0,1,762.677577534109,0.19278283079396138,762.7
1789669440,762.72,762.74,762.51,762.62,-44.015068643020186,-4.67210563047621,0,0,1,762.6687194519384,0.19544120002296544,762.62
1789669560,762.64,762.79,762.63,762.75,-42.70827117923584,-4.614576687013138,0,0,1,762.6812241516402,0.19362397144989354,762.75
1789669680,762.76,762.81,762.67,762.7,-44.15241550563749,-4.738287916016816,0,0,1,762.6841127436956,0.1897936877749002,762.7
1789669800,762.73,762.85,762.61,762.63,-48.62946314438014,-5.605124388756079,0,0,1,762.6757877062039,0.19337985293383655,762.63
1789669920,762.67,762.74,762.59,762.59,-53.29027917646608,-6.9510066793603595,0,0,1,762.6625895975571,0.19028129200998947,762.59
1789670040,762.59,762.6,762.41,762.41,-62.6451287371904,-10.233825576218749,0,0,1,762.6237296594715,0.19026119972356553,762.41
1789670160,762.44,762.46,762.21,762.3,-69.79465736370562,-14.256123461515134,0,0,1,762.5739250964758,0.19452825688616798,762.3
1789670280,762.3,762.3,762.18,762.2,-76.87846055524457,-18.78537345698463,0,0,1,762.5163981585565,0.18920480996572775,762.2
1789670400,762.21,762.37,762.14,762.32,-76.61153358847545,-21.418415953716224,0,0,1,762.4861830572402,0.19211875211103419,762.32
1789670520,762.32,762.325,762.18,762.3,-77.11336942672337,-23.350683098122484,0,0,1,762.4575395099724,0.18875312696025287,762.3
1789670640,762.28,762.45,762.28,762.39,-73.95529643031357,-23.918903862592444,0,0,0,762.4471488161305,0.18741361789166858,762.39
1789670760,762.39,762.46,762.37,762.46,-68.07381417786382,-23.577564588709464,0,0,0,762.4491259213412,0.18045550232798022,762.46
1789670880,762.47,762.65,762.43,762.44,-63.76355367492328,-23.232234780715903,0,0,0,762.4477219334426,0.18328010930455502,762.44
1789671000,762.47,762.52,762.41,762.42,-60.537019923634425,-23.099573686099028,0,0,0,762.4434570206053,0.17804581578280204,762.42
1789671120,762.44,762.46,762.2,762.27,-64.96261627972979,-24.661930950645345,0,0,0,762.4167713251276,0.18389968608402982,762.27
1789671240,762.27,762.37,762.23,762.285,-67.59726387984563,-26.217283147173497,0,0,0,762.3964988135695,0.18076399422088385,762.285
1789671360,762.285,762.45,762.255,762.43,-63.35876662333866,-26.021432507980016,0,0,0,762.4016528422511,0.1817808517765386,762.43
1789671480,762.41,762.47,762.365,762.435,-59.2144190970614,-25.355853447891416,0,0,0,762.4067831742125,0.17629650522107285,762.435
1789671600,762.445,762.75,762.44,762.72,-49.026198938179256,-21.97904950083109,0,0,0,762.4549703781798,0.1862038977052858,762.72
1789671720,762.72,762.81,762.67,762.77,-38.79781821771988,-17.856007740262307,0,0,0,762.5034364738444,0.1829036192977644,762.77
1789671840,762.8,763,762.79,762.96,-29.935572965614718,-13.849246010076394,0,0,0,762.57367701633,0.18626764649078256,762.96
1789671960,762.99,763.05,762.84,762.93,-25.578773484904218,-10.53934790918385,0,0,0,762.6284959368945,0.1879628145985783,762.93
1789672080,762.92,762.94,762.75,762.78,-26.733256136786075,-9.26393282971464,0,0,0,762.6518042542954,0.1881083278415409,762.78
1789672200,762.78,762.86,762.74,762.78,-27.6519260315428,-8.823818606758229,0,0,0,762.6715266767114,0.1832434472814312,762.78
1789672320,762.78,762.88,762.72,762.88,-25.750903153261834,-7.698178712521662,0,0,0,762.7035994956789,0.18158320104704098,762.88
1789672440,762.86,762.9,762.74,762.81,-26.703601918367248,-7.284861794951478,0,0,0,762.719968804036,0.18004154382939294,762.81
1789672560,762.82,762.82,762.67,762.75,-32.961767372840676,-7.854328713659299,0,0,0,762.7245889880304,0.1778957192701571,762.75
1789672680,762.75,762.94,762.745,762.9,-30.61344874937125,-6.988321664571272,0,0,0,762.7515752975642,0.1791174536080066,762.9
1789672800,762.9,762.91,762.73,762.77,-34.95522680085113,-7.2990224777703485,0,0,0,762.7544098671697,0.17918049263600255,762.77
1789672920,762.77,762.77,762.64,762.71,-40.25090285925731,-8.715167009858508,0,0,0,762.7475775799128,0.1756676003048592,762.71
1789673040,762.69,762.78,762.59,762.76,-41.791991302864226,-9.9499373292175,0,0,0,762.7494887214647,0.17669134314022217,762.76
1789673160,762.76,762.76,762.555,762.58,-48.296934653617996,-13.382586516323908,0,0,0,762.723413533547,0.17871339005878065,762.58
1789673280,762.6,762.64,762.55,762.61,-51.903772432781416,-16.64738734743625,0,0,0,762.7059652976168,0.17237671934029858,762.61
1789673400,762.64,762.93,762.61,762.9,-42.314160006092585,-15.383985036608813,0,0,0,762.7358167902911,0.18292123938741556,762.9
1789673520,762.89,762.9,762.75,762.81,-38.9375598877865,-14.39828469735616,0,0,0,762.7472295917847,0.18056972228831283,762.81
1789673640,762.81,762.92,762.78,762.9,-32.822159695011365,-12.576433496131521,0,0,0,762.7707327315102,0.1776718849820038,762.9
1789673760,762.9,763.03,762.9,763.01,-25.522280148616236,-10.024898446470107,0,0,0,762.8075430805086,0.1742667503404318,763.01
1789673880,763.02,763.08,762.93,762.99,-22.459751410662392,-7.716198276309736,0,0,0,762.835613375815,0.17253341103040745,762.99
1789674000,762.95,763.01,762.84,762.86,-27.11894225665937,-7.650344186922779,0,0,0,762.8393651641511,0.17235245309966116,762.86
1789674120,762.86,763.05,762.77,763.01,-23.85523734558373,-6.35882330008891,0,0,0,762.8656166773586,0.18004156359254056,763.01
1789674240,763.01,763.15,762.93,763,-25.382442892023935,-5.699988029517943,0,0,0,762.886291034688,0.18289573762164674,763
1789674360,762.99,763.04,762.79,762.92,-32.93683216901824,-6.4234355700025105,0,0,0,762.8914770293514,0.18768889922010054,762.92
1789674480,762.91,762.96,762.77,762.81,-41.902624126764245,-9.037932571161017,0,0,0,762.8789421017589,0.18785397784724012,762.81
1789674600,762.82,763.37,762.78,763.36,-31.646480290194923,-8.106445424352453,0,0,0,762.9529510091805,0.21657869371529667,763.36
1789674720,763.36,763.57,763.17,763.48,-26.283074811402358,-6.522499400258236,0,0,0,763.0340354693066,0.22968021559278198,763.48
1789674840,763.48,763.55,763.01,763.1,-33.66969786290667,-8.462110595270554,0,0,0,763.044183858644,0.2518459144790092,763.1
1789674960,763.09,763.27,763.05,763.06,-40.41063116844238,-11.354547715198933,0,0,0,763.0466171111603,0.24957120630193907,763.06
1789675080,763.06,763.1,762.43,762.64,-51.99218390264729,-18.732433166497348,0,0,0,762.9840606325203,0.27960183442323433,762.64
1789738200,761.31,761.61,760.95,761.6,-58.97202978855695,-28.6983950114158,0,0,0,762.7711282275171,0.38034456053585625,761.6
1789738320,761.64,761.76,761.21,761.25,-67.16795363912796,-40.297190993777114,0,0,0,762.5371085002068,0.39246280621186325,761.25
1789738440,761.21,761.37,760.65,760.73,-74.88281454441423,-51.97788614922366,0,0,0,762.2590918078673,0.41585832005387496,760.73
1789738560,760.74,761.07,760.59,761.05,-77.4581927480478,-59.76102401819959,0,0,0,762.07307768358,0.4204398686214566,761.05
1789738680,761.04,761.19,760.8,760.91,-80.52765413129225,-66.19088230555393,0,0,0,761.8941426553369,0.41826559229135973,760.91
1789738800,760.91,761.43,760.88,761.29,-78.32960389422828,-69.21189608009077,0,0,0,761.8011976314389,0.42767519284197364,761.29
1789738920,761.28,761.31,760.8,760.85,-81.29024348092818,-73.4561302602513,0,0,0,761.6548595342945,0.43355553621040344,760.85
1789739040,760.79,761.06,760.75,761.04,-79.32890780463815,-76.3464767145667,0,0,0,761.5602657597876,0.4247301407667993,761.04
1789739160,761.02,761.16,760.72,760.72,-83.19675987670745,-80.30940441243746,0,0,0,761.4309941044357,0.425820844997738,760.72
1789739280,760.76,760.84,760.47,760.5,-87.22337635914364,-84.54206524827678,0,0,0,761.2877642422148,0.42183364178361415,760.5
1789739400,760.47,760.54,760.14,760.35,-87.7133849178276,-87.36757056857923,0,0,0,761.1434928203356,0.42027409594192583,760.35
1789739520,760.35,760.53,760.23,760.24,-89.6549001798831,-89.98893495340117,1,0,0,761.0044939248994,0.41168308908892787,760.24
1789739640,760.23,760.3,759.82,760.04,-89.66256691292583,-91.7090503281311,0,0,-1,760.8561102441456,0.4165628684397119,760.04
1789739760,760.05,760.12,759.7,759.83,-90.89900626545966,-93.4084800713745,0,0,-1,760.6982471296617,0.4168083778368724,759.83
1789739880,759.86,760.01,759.56,759.73,-90.79071867090366,-94.7413797411579,0,0,-1,760.5492860327906,0.41917920799138475,759.73
1789740000,759.71,759.949,759.4,759.46,-92.6007082354376,-95.95104136841077,0,0,-1,760.3817035662074,0.4284521217062843,759.46
1789740120,759.45,759.46,758.96,759.02,-93.76299533495533,-96.9282832138222,0,0,-1,760.1722107098678,0.4335626844415497,759.02
1789740240,759.01,759.18,758.85,759.09,-88.78289702701782,-97.53269819170032,0,0,-1,760.0057167545035,0.42616534983857673,759.09
1789740360,759.09,759.29,758.9,758.97,-89.0462057159263,-98.0950189042198,0,0,-1,759.8463757153492,0.4235821105643917,758.97
1789740480,758.98,759.44,758.93,759.44,-82.28583075753284,-97.42538708815233,0,0,-1,759.7838563745262,0.42975481695265694,759.44
1789740600,759.42,759.89,759.42,759.88,-73.34323904753117,-94.96055939616492,0,0,-1,759.7986477015221,0.43262947288461195,759.88
1789740720,759.89,759.905,759.255,759.48,-71.93274477724526,-93.80216519745314,0,0,-1,759.749624978211,0.4481559391071381,759.48
1789740840,759.48,759.49,759.1,759.145,-74.81102906812993,-94.27176982239443,0,0,-1,759.6566057507939,0.44400194345662725,759.145
1789740960,759.16,759.195,758.76,758.99,-78.05628772899735,-95.34387600823068,0,0,-1,759.5540510199025,0.4433589474954438,758.99
1789741080,759.015,759.35,759,759.35,-75.29495034918224,-95.20471423745636,0,0,-1,759.5226585553022,0.43740473696005594,759.35
1789741200,759.35,759.41,759.1,759.29,-74.22786561594353,-95.04749046833915,0,0,-1,759.4868649314095,0.42830439860576236,759.29
1789741320,759.3,759.62,759.3,759.53,-69.34923691616906,-94.15887150145689,0,0,-1,759.493501095808,0.42128265584821084,759.53
1789741440,759.5,759.51,759.09,759.17,-71.7232760867814,-94.37513731777327,0,0,-1,759.4437316964529,0.42261960900190587,759.17
1789741560,759.15,759.44,759.12,759.38,-69.64173258411698,-94.16797161962965,0,0,-1,759.4339268200755,0.41528963693034476,759.38
1789741680,759.39,759.64,759.33,759.37,-65.2343609310047,-93.88200303843959,0,0,-1,759.4240919246793,0.40776894857817336,759.37
1789741800,759.32,759.44,759.14,759.15,-65.66947599415538,-94.39242896307553,0,0,-1,759.3819239362671,0.4000711665368802,759.15
1789741920,759.22,759.39,759.17,759.27,-62.51408178989445,-94.569611389119,0,0,-1,759.364704869149,0.38863751178424655,759.27
1789742040,759.25,759.29,759.09,759.22,-59.6829396650305,-94.79260035008026,0,0,-1,759.3424425815876,0.37516340379965263,759.22
1789742160,759.19,759.3,758.99,759.24,-56.40926357230211,-94.85611554260825,0,0,-1,759.3266821844203,0.3705088749568164,759.24
1789742280,759.23,759.76,759.23,759.495,-49.72294767922639,-93.82371916145381,0,0,-1,759.352577232971,0.3819010981741847,759.495
1789742400,759.49,759.52,759.25,759.31,-49.07052421808948,-93.39141613621598,0,0,-1,759.346026889437,0.37390816259031306,759.31
1789742520,759.36,759.37,758.86,758.95,-58.81599360024743,-94.36329628631555,0,0,-1,759.2850996756774,0.38362900811957573,758.95
1789742640,758.92,759.05,758.87,758.99,-64.9168764226401,-95.54571694278785,0,0,-1,759.2396997255732,0.36908407896817386,758.99
1789742760,758.98,759.35,758.96,759.12,-65.56582609319737,-96.24005055490062,0,0,-1,759.2212843831774,0.370578073327589,759.12
1789742880,759.12,759.52,759.1,759.44,-56.48441323801913,-95.32204176238955,0,0,-1,759.2549329396116,0.374108210947044,759.44
1789743000,759.45,759.77,759.34,759.76,-44.64278591104685,-92.68772301355052,0,0,-1,759.3326355642868,0.3781004815936801,759.76
1789743120,759.74,759.96,759.69,759.88,-34.682089433285704,-89.46497322421652,0,0,-1,759.4168454774734,0.3703790186227017,759.88
1789743240,759.88,759.9,759.71,759.74,-30.37577420698274,-87.34151382043723,0,0,-1,759.4665615578622,0.3574948030067902,759.74
1789743360,759.76,759.81,759.62,759.72,-27.598067377543423,-85.9226576153181,0,0,-1,759.5055520874218,0.345530888506301,759.72
1789743480,759.72,759.95,759.69,759.93,-21.18945962406806,-83.84937111652847,0,0,-1,759.57085176628,0.33942153932727887,759.93
1789743600,759.95,760,759.66,759.69,-23.00564480733424,-83.16362282696925,0,0,-1,759.5891822637755,0.33946285794676123,759.69
1789743720,759.66,759.77,759.42,759.76,-22.992275417501943,-82.62241706735365,0,0,-1,759.6154619155024,0.3402155109505656,759.76
1789743840,759.73,759.93,759.63,759.93,-18.98011843754204,-81.35182800486025,0,0,-1,759.6638523900405,0.3373429744540934,759.93
1789743960,759.93,760.04,759.79,760.01,-14.6927159468002,-79.72089272406288,0,0,-1,759.7171058684958,0.3311041905645153,760.01
1789744080,759.97,759.99,759.74,759.74,-22.093395601305538,-79.52455148725946,0,0,-1,759.7206280425734,0.32673960552419146,759.74
1789744200,759.77,759.94,759.65,759.66,-29.366656870470855,-80.09920091265099,0,0,-1,759.7113006514082,0.32411534798675473,759.66
1789744320,759.64,759.76,759.5,759.73,-32.35380621217364,-80.47814627503315,0,0,-1,759.7141774742685,0.3195356802734145,759.73
1789744440,759.7,759.7,759.515,759.65,-37.21450720150315,-81.09536528551381,0,0,-1,759.7043040166888,0.31206884596817286,759.65
1789744560,759.63,759.66,759.44,759.52,-42.843083790957934,-82.26464535232704,0,0,-1,759.6759495525828,0.3054924998275829,759.52
1789744680,759.52,759.79,759.46,759.77,-39.679528339586454,-81.94871076206904,0,0,-1,759.6904188521854,0.3072430355541789,759.77
1789744800,759.75,759.82,759.64,759.65,-40.85165593992001,-81.90286711684193,0,0,-1,759.6842005672338,0.29815424730031354,759.65
1789744920,759.64,759.87,759.64,759.78,-37.890557935569774,-81.16396367378157,0,0,-1,759.6989389415055,0.29328608677886386,759.78
1789745040,759.77,759.93,759.69,759.9,-30.57176460552335,-79.61471042938923,0,0,-1,759.7298714120432,0.2894799377232233,759.9
1789745160,759.9,760.04,759.88,759.95,-24.42882345414125,-77.84744170482438,0,0,-1,759.763737348652,0.28023137074299076,759.95
1789745280,759.93,760.06,759.85,759.98,-19.821617590604717,-76.12950815466668,0,0,0,759.7970085257824,0.275214844261343,759.98
1789745400,760,760.08,759.56,759.62,-33.05540238214347,-77.01694654381976,0,0,0,759.7697764448928,0.2926994982426825,759.62
1789745520,759.62,759.79,759.5,759.75,-39.2099618284484,-77.64441239321278,0,0,0,759.7667339149093,0.2925066769396311,759.75
1789745640,759.7,759.83,759.6,759.79,-41.946839952547776,-77.878138920971,0,0,0,759.7703133126156,0.28804191430108733,759.79
1789745760,759.77,759.89,759.59,759.59,-51.82376632804579,-79.09365679924495,0,0,0,759.7425728029824,0.28889606327957784,759.59
1789745880,759.58,759.6,759.24,759.29,-62.796396174606784,-81.75748526436776,0,0,0,759.6729462179081,0.29397491590246616,759.29
1789746000,759.27,759.28,759.11,759.22,-69.61605429017548,-84.55932056208472,0,0,0,759.6032621843838,0.2858338504808579,759.22
1789746120,759.2,759.39,759.15,759.29,-72.84248172565111,-86.4009420525263,0,0,0,759.5550680021709,0.2825600040179401,759.29
1789746240,759.29,759.37,759.11,759.12,-79.44629428392923,-88.6687243638024,0,0,0,759.4881344633753,0.28094857515951516,759.12
1789746360,759.11,759.28,759.11,759.15,-83.44903796833304,-90.46374566788275,0,0,0,759.4361137767022,0.2730236769338326,759.15
1789746480,759.13,759.25,759.099,759.14,-86.43398525460015,-91.90425236401336,0,0,0,759.3905578110557,0.2643077000099841,759.14
1789746600,759.15,759.32,759.08,759.2,-86.27017812630311,-92.61463308981249,0,0,0,759.3612412247395,0.2625714357235573,759.2
1789746720,759.18,759.19,758.96,758.97,-89.5419193090132,-94.02312275629352,0,0,0,759.3010502670872,0.2609591903147324,758.97
1789746840,758.97,759.04,758.91,758.98,-89.06238230275952,-95.37139138019819,0,0,-1,759.2516579183045,0.2516049624351083,758.98
1789746960,759.02,759.2,759.01,759.01,-87.22506356284842,-96.47989330614132,0,0,-1,759.2144797770269,0.24934746511831682,759.01
1789747080,759.01,759.02,758.85,758.99,-84.21323244295542,-97.34370323660355,0,0,-1,759.1799444267151,0.24367978903843412,758.99
1789747200,758.99,759.01,758.7,758.759,-85.25861951838708,-98.00237184645185,0,0,-1,759.115183745682,0.24841694696425634,758.759
1789747320,758.76,758.91,758.68,758.82,-81.40441479955689,-98.49997702450528,0,0,-1,759.069770861731,0.24710145075252504,758.82
1789747440,758.81,758.92,758.74,758.89,-76.35331109966738,-98.87438214826776,0,0,-1,759.04211380608,0.24230848998448398,758.89
1789747560,758.895,759.21,758.89,759.21,-68.45069761046415,-97.32675836101218,0,0,-1,759.0679424512984,0.24785788355702443,759.21
1789747680,759.22,759.23,758.99,759.13,-64.6344345259987,-96.11041607215121,0,0,-1,759.0774897664833,0.24729660616009477,759.13
1789747800,759.15,759.175,759.03,759.08,-63.26854211785506,-95.52402228481263,0,0,-1,759.0778759562551,0.23998970572008668,759.08
1789747920,759.08,759.19,758.98,758.98,-63.71168876221855,-95.75820391210256,0,0,-1,759.0628181168312,0.23784758388294022,758.98
1789748040,758.97,759.09,758.91,758.92,-65.97022905548661,-96.50476196735016,0,0,-1,759.0408460988572,0.23371561360559187,758.92
1789748160,758.94,759.07,758.89,759.01,-64.77486381044632,-96.72319277282467,0,0,-1,759.0361005451869,0.22987878406233983,759.01
1789748280,758.995,759.16,758.995,759.09,-58.55940872739899,-96.06416734825856,0,0,-1,759.0443927690043,0.2252445852007415,759.09
1789748400,759.11,759.11,758.91,758.96,-56.03523591588581,-96.06158884368634,0,0,-1,759.0314092660806,0.22344140054354894,758.96
1789748520,759,759,758.3,758.33,-66.53101409287625,-96.71742997749158,0,0,-1,758.923500148222,0.2574813005047273,758.33
1789748640,758.32,758.32,757.97,758.17,-70.39599488876327,-97.42848526469429,0,0,-1,758.8075770484955,0.2648040647543906,758.17
1789748760,758.18,758.44,758.09,758.44,-66.16266734693528,-97.21707424449117,0,0,-1,758.7510267333424,0.2708894887005072,758.44
1789748880,758.44,758.91,758.38,758.76,-57.08866717686879,-95.18092857801139,0,0,-1,758.7524072359051,0.2893973823647547,758.76
1789749000,758.76,758.96,758.57,758.77,-50.149833715985714,-92.96896758639222,0,0,-1,758.7551138149967,0.29658328362441416,758.77
1789749120,758.77,759.18,758.72,759.12,-39.18380385841806,-88.95533911483646,0,0,-1,758.8112501511511,0.30825590622266474,759.12
1789749240,759.15,759.29,759.085,759.211,-30.465125621085654,-84.79672708424918,0,0,-1,758.872750127897,0.30088048434961207,759.211
1789749360,759.16,759.23,758.97,758.97,-28.612864406910415,-82.67973346898776,0,0,-1,758.8877116466821,0.29796044975321057,758.97
1789749480,758.96,759.07,758.82,758.96,-27.41813934540015,-81.556131617598,0,0,-1,758.8988329318079,0.294534703342267,758.96
1789749600,758.96,759.039,758.87,758.88,-28.35608818934413,-81.30167063451013,0,0,-1,758.8959355576836,0.2855679388178181,758.88
1789749720,758.88,759.14,758.84,759.04,-26.207935808386708,-80.3921193749952,0,0,-1,758.9180993180399,0.28659880033082785,759.04
1789749840,759.05,759.27,759.02,759.08,-24.476666711743587,-79.18003511139946,0,0,-1,758.9430071152645,0.2839846003071973,759.08
1789749960,759.08,759.11,758.78,759.02,-24.95358317082072,-78.35547145904319,0,0,-1,758.9548521744546,0.28727141457097183,759.02
1789750080,758.99,759.18,758.91,759.16,-21.56646449978632,-76.98021212085524,0,0,-1,758.9864133783847,0.2860377421016154,759.16
1789750200,759.16,759.33,759.16,759.29,-16.70426013954664,-74.96902427742538,0,0,0,759.0331190124793,0.27774933195150525,759.29
1789750320,759.29,759.53,759.29,759.49,-12.989733566198039,-72.30738991613359,0,0,0,759.1034083951748,0.27505295109782696,759.49
1789750440,759.48,759.48,759.41,759.465,-10.885960706344854,-70.09283915201367,0,0,0,759.1590378728403,0.2611205974479851,759.465
1789750560,759.47,759.47,759.36,759.45,-9.717404303549921,-68.40904723668021,0,0,0,759.2038012770187,0.2503262690588443,759.45
1789750680,759.44,759.53,759.32,759.37,-12.143979060786577,-67.48754308307184,0,0,0,759.2293703113235,0.2474458212689213,759.37
1789750800,759.37,759.37,759.18,759.29,-16.893501709772842,-67.28353593691294,0,0,0,759.2386979557352,0.2433425483211451,759.29
1789750920,759.285,759.45,759.28,759.41,-16.06125632492646,-66.6297588066903,0,0,0,759.2650521163913,0.23810379486963992,759.41
1789751040,759.39,759.49,759.34,759.45,-14.369019166769371,-65.72971634156723,0,0,0,759.2935056369465,0.23181066666466402,759.45
1789751160,759.45,759.52,759.4,759.44,-13.914264375073785,-64.95069287648677,0,0,0,759.3160432312625,0.2238241904743312,759.44
1789751280,759.48,759.53,759.27,759.31,-20.8791765421754,-65.05933183244724,0,0,0,759.315113503376,0.22640817686902118,759.31
1789751400,759.32,759.33,759.13,759.19,-29.03438240663053,-66.00856343709799,0,0,0,759.2958652720873,0.2245218785212372,759.19
1789751520,759.19,759.295,759.03,759.27,-33.78676074187447,-66.637832999474,0,0,0,759.2918859994585,0.22741317291257643,759.27
1789751640,759.25,759.44,759.24,759.44,-29.08821870455061,-66.06708551065815,0,0,0,759.3146727687725,0.22545508913310994,759.44
1789751760,759.43,759.48,759.275,759.48,-23.37171958396707,-65.00754100010393,0,0,0,759.340107727423,0.2239940113378907,759.48
1789751880,759.47,759.47,759.27,759.34,-26.758419317602915,-64.87660503007717,0,0,0,759.3400911539733,0.22299443909947253,759.34
1789752000,759.351,759.38,759.27,759.34,-29.298444117829796,-64.75275704862922,0,0,0,759.3400771302851,0.21492340773522547,759.34
1789752120,759.35,759.48,759.31,759.45,-24.953833088369585,-63.89915304419424,0,0,0,759.3569883410105,0.2117145928970003,759.45
1789752240,759.46,759.58,759.43,759.53,-19.840374816278626,-62.39214220565111,0,0,0,759.3836055193166,0.2073064076900782,759.53
1789752360,759.56,759.56,759.48,759.56,-15.330281112211079,-60.11820730015764,0,0,0,759.4107431317294,0.1982130928550674,759.56
1789752480,759.54,759.55,759.38,759.4,-22.09592414715742,-57.941098588448526,0,0,0,759.4090903422326,0.19691215765113043,759.4
1789752600,759.4,759.41,759.27,759.3,-32.735579474006116,-57.17481643371921,0,0,0,759.3923072126584,0.19284700353319156,759.3
1789752720,759.3,759.36,759.22,759.28,-41.36986642368742,-56.605684590941586,0,0,0,759.3750291799416,0.18907221756653406,759.28
1789752840,759.271,759.63,759.26,759.591,-32.735391084138854,-53.654674593181376,0,0,0,759.4082554599506,0.20199563059749623,759.591
1789752960,759.61,759.75,759.61,759.64,-29.02012652513617,-50.738122251998774,0,0,0,759.443908466112,0.1989245141262459,759.64
1789753080,759.65,759.72,759.59,759.691,-24.005985238342156,-47.93989727931601,0,0,0,759.4819225482487,0.19400133454579943,759.691
1789753200,759.71,759.71,759.6,759.65,-22.036269617741976,-45.87568130449191,0,0,0,759.5077806177488,0.18800123922110043,759.65
1789753320,759.65,759.67,759.57,759.63,-21.432587948385187,-44.14385866253168,0,0,0,759.5265835996337,0.18171543641958676,759.63
1789753440,759.63,759.8,759.63,759.73,-18.088288041358794,-42.18216015086058,0,0,0,759.5578784304593,0.1808786195324705,759.73
1789753560,759.72,759.8,759.69,759.75,-14.735047199849229,-39.47607160235413,0,0,0,759.587435595004,0.17581586099442975,759.75
1789753680,759.76,759.785,759.61,759.66,-16.026715375316893,-36.82073795313411,0,0,0,759.5985993496188,0.17575758520911008,759.66
1789753800,759.66,759.8,759.65,759.79,-12.253802765253697,-33.3854367426622,0,0,0,759.6280456035236,0.173917757694172,759.79
1789753920,759.8,759.85,759.77,759.83,-10.102171961368992,-29.220497720388842,0,0,0,759.6591155106738,0.1672093464303055,759.83
1789754040,759.83,759.86,759.72,759.8,-12.612686663340563,-25.02455913580292,0,0,0,759.6807900474932,0.1652658216852827,759.8
1789754160,759.8,759.89,759.79,759.82,-15.133452999796884,-21.16373355652458,0,0,0,759.7022069632635,0.1606039772791927,759.82
1789754280,759.83,759.89,759.75,759.83,-16.13654210346019,-17.85727799936017,0,0,0,759.7218674304537,0.15913226461639224,759.83
1789754400,759.82,759.96,759.68,759.875,-18.39398661917855,-14.990848147886322,0,1,0,759.7454262873069,0.1677656742866561,759.875
1789754520,759.88,759.94,759.85,759.88,-19.685302854200533,-12.599480512340262,0,0,0,759.7661299354136,0.1622109832661829,759.88
1789754640,759.9,759.97,759.85,759.88,-21.36090021757653,-10.698723199167118,0,0,0,759.7836484068885,0.15919591303288444,759.88
1789754760,759.87,759.87,759.76,759.84,-26.140675163182287,-9.557057353508332,0,0,0,759.7923178827518,0.1563962049591073,759.84
1789754880,759.86,759.87,759.75,759.78,-31.165506372388023,-9.307188431952623,0,0,0,759.790422823867,0.1537964760334571,759.78
1789755000,759.79,759.85,759.665,759.75,-35.65412977929167,-9.54996912577624,0,0,0,759.7842039278875,0.15602529917392868,759.75
1789755120,759.76,759.87,759.67,759.87,-30.644503584472123,-8.707263096233046,0,0,0,759.7974033235971,0.15916634923293702,759.87
1789755240,759.87,759.89,759.8,759.86,-28.017859972687038,-7.8077192643846995,0,0,0,759.8070335815053,0.15422589571630094,759.86
1789755360,759.87,759.98,759.87,759.89,-29.17477867506794,-6.934435962042374,0,0,0,759.819797645889,0.15178118887942263,759.89
1789755480,759.9,760.1,759.9,760.1,-21.881084006300956,-5.560375809449731,0,0,0,759.8629057003676,0.1559396753880379,760.1
1789755600,760.1,760.36,760.07,760.311,-19.007418298165234,-4.290131469726615,0,0,0,759.9318432849265,0.16551541286031832,760.311
1789755720,760.31,760.61,760.31,760.37,-23.916402884463107,-4.060819413573198,0,0,0,759.9992520103224,0.1751214547988719,760.37
1789755840,760.37,760.37,760.27,760.29,-30.69730216334823,-4.657416952274629,0,0,0,760.0439824702728,0.1697556365989541,760.29
1789755960,760.28,760.41,760.27,760.34,-33.789226622509524,-4.968291732932996,0,0,0,760.0895236286924,0.16763023398474214,760.34
1789756080,760.33,760.48,760.22,760.48,-30.525669966881516,-4.247081274022671,0,0,0,760.1495969165859,0.17422807441440274,760.48
1789756200,760.49,760.5,760.26,760.27,-36.269252475161494,-4.759249804037625,0,0,0,760.1681204678804,0.1789260690990889,760.27
1789756320,760.27,760.43,760.26,760.4,-35.594096219116985,-4.6074066753036815,0,0,0,760.2037942420526,0.17828849273486533,760.4
1789756440,760.41,760.53,760.37,760.53,-29.89258430252772,-3.801544780569582,0,0,0,760.2539797432753,0.17698217182522982,760.53
1789756560,760.52,760.53,760.28,760.345,-32.70009171715247,-3.8582118500687446,0,0,0,760.2679828596945,0.18219773098057054,760.345
1789756680,760.34,760.381,760.24,760.37,-33.494043371562,-3.9347980960163307,0,0,0,760.2836778043569,0.17925503591052713,760.37
1789756800,760.35,760.36,760.29,760.33,-35.95079837733968,-4.284322895925565,0,0,0,760.2908042959943,0.17216539048834956,760.33
1789756920,760.34,760.5,760.32,760.48,-30.813522388028147,-3.672902743064851,0,0,0,760.3199113273798,0.1727250054534639,760.48
1789757040,760.48,760.83,760.46,760.82,-23.2646482287892,-2.9078972476721976,0,0,0,760.3968480462445,0.1868160764925025,760.82
1789757160,760.81,761.48,760.81,761.41,-18.75004177229011,-2.2319963325453345,0,0,0,760.5527175775915,0.22132921388590038,761.41
1789757280,761.4,761.42,761.24,761.27,-18.751358323419993,-1.691021715006063,0,0,0,760.6630687195004,0.21837712717976104,761.27
1789757400,761.28,761.35,761.21,761.27,-18.752345736767406,-1.2739411081202345,0,0,0,760.7564427626542,0.2127787609526343,761.27
1789757520,761.275,761.73,761.27,761.66,-15.293811949682976,-0.9573474383787384,0,0,0,760.8954515683997,0.2304374208845916,761.66
1789757640,761.665,761.83,761.28,761.39,-20.436458627506177,-1.4085783491910104,0,0,0,760.9715359424921,0.2532633193928399,761.39
1789757760,761.39,761.44,761.26,761.39,-24.621120044597,-1.9870890723108696,0,0,0,761.0359150282626,0.24803022515049875,761.39
1789757880,761.38,761.39,761.17,761.231,-31.052368530857322,-3.156988475600097,0,0,0,761.0659281008376,0.24602806621117934,761.231
1789758000,761.26,761.34,761.11,761.12,-37.55064003450704,-4.833622776072984,0,0,0,761.0742468545549,0.24488320433895355,761.12
1789758120,761.15,761.26,761.12,761.19,-42.20658720328433,-6.222636010115394,0,0,0,761.0920550307773,0.2373915468861702,761.19
1789758240,761.21,761.44,761.21,761.36,-41.797186351098915,-6.6238983739421755,0,0,0,761.1332773337346,0.23829215068001516,761.36
1789758360,761.38,761.47,761.09,761.11,-46.39757920431821,-7.8577916241686125,0,0,0,761.1296962054677,0.2484141399171566,761.11
1789758480,761.12,761.23,761.09,761.21,-47.67769068126631,-8.610415532129284,0,0,0,761.1420506353958,0.24067027278021588,761.21
1789758600,761.22,761.33,761.15,761.31,-44.99522763312576,-8.729674733772066,0,0,0,761.1678889991811,0.23633668186734785,761.31
1789758720,761.31,761.38,761.11,761.12,-48.76328408899804,-9.525123759774317,0,0,0,761.1605214608455,0.23874120459110743,761.12
1789758840,761.12,761.21,761.06,761.15,-50.390073129643,-10.242260724841334,0,0,0,761.1589027745616,0.23240254712032055,761.15
1789758960,761.17,761.24,761.11,761.17,-50.81670579063059,-10.739069971785757,0,0,0,761.1606100400137,0.22508807946886875,761.17
1789759080,761.18,761.21,761.025,761.17,-51.13668028637129,-11.088428753830197,0,0,0,761.1620546492424,0.2222246452210966,761.17
1789759200,761.165,761.27,761.03,761.155,-52.84121151348057,-11.432714089457434,0,0,0,761.1609693185897,0.22349431341959036,761.155
1789759320,761.17,761.18,761.07,761.08,-55.571305986103866,-12.09482159800148,0,0,0,761.1485125003451,0.21538757674675532,761.08
1789759440,761.07,761.105,761.01,761.01,-59.45220211731575,-13.34047839724235,0,0,0,761.1272028849073,0.20678846412198904,761.01
1789759560,761.01,761.13,761,761.08,-64.82444570563263,-14.488937433701963,0,0,0,761.1199409026138,0.20130357382756095,761.08
1789759680,761.08,761.09,760.84,760.87,-73.07287973377042,-16.906179151304897,0,0,0,761.0814884560579,0.20478188998273517,760.87
1789759800,760.87,760.92,760.71,760.73,-79.48323122889954,-19.96164141206248,0,0,0,761.0274133089721,0.20515461212681999,760.73
1789759920,760.75,760.83,760.69,760.75,-83.23577770756886,-22.58446732254724,0,0,0,760.984734338361,0.20050071126061758,760.75
1789760040,760.75,760.82,760.68,760.71,-86.85567411872222,-25.00629727154837,0,0,0,760.9424675170748,0.19617923188486633,760.71
1789760160,760.7,761.11,760.7,761.06,-75.5219558535433,-24.564526573555167,0,0,0,760.9605494375248,0.2114521438930879,761.06
1789760280,761.06,761.22,761.02,761.17,-63.47690992813305,-22.767822816596034,0,0,0,760.9927726009826,0.21063413361501343,761.17
1789760400,761.175,761.22,761.06,761.14,-55.56794558524507,-21.11426979548885,0,0,0,761.0154229700622,0.20701740978537544,761.14
1789760520,761.14,761.34,761.12,761.305,-45.43545285982127,-18.66195508682255,0,0,0,761.0599732823604,0.20794473765785057,761.305
1789760640,761.3,761.44,761.295,761.38,-36.12722255625888,-15.904333436420835,0,0,0,761.1092081619972,0.2034486849680109,761.38
1789760760,761.39,761.66,761.33,761.56,-28.932151611072094,-12.683482688694735,0,0,0,761.1785607524591,0.2124880646131478,761.56
1789760880,761.54,761.66,761.52,761.65,-21.882787177691654,-9.764356220314088,0,0,0,761.2510898674655,0.2073103457122077,761.65
1789761000,761.64,761.79,761.25,761.25,-28.628373787563618,-9.528729459501548,0,0,0,761.2509221955477,0.2310738924470474,761.25
1789761120,761.26,761.415,761.18,761.38,-33.06143790112577,-9.209531813995625,0,0,0,761.2707803193096,0.2313543287008307,761.38
1789761240,761.4,761.99,761.29,761.57,-35.129167177904144,-8.601279436513174,0,0,0,761.3168141163388,0.26482901950791743,761.57
1789761360,761.575,761.96,761.49,761.96,-26.945694321090258,-7.015669769390366,0,0,0,761.4157657907482,0.27948408954306814,761.96
1789761480,761.94,761.94,761.395,761.64,-28.79518285952561,-6.044344661085724,0,0,0,761.4502633614023,0.2998780831471386,761.64